{"data":[{"ObjectIdentifier":"DARKCORP.HTB-S-1-5-32-544","IsDeleted":false,"IsACLProtected":false,"Properties":{"domain":"DARKCORP.HTB","name":"ADMINISTRATORS@DARKCORP.HTB","distinguishedname":"CN=ADMINISTRATORS,CN=BUILTIN,DC=DARKCORP,DC=HTB","domainsid":"S-1-5-21-3432610366-2163336488-3604236847","isaclprotected":false,"highvalue":true,"samaccountname":"Administrators","description":"Administrators have complete and unrestricted access to the computer/domain","whencreated":1735514908,"admincount":true},"Members":[{"ObjectIdentifier":"S-1-5-21-3432610366-2163336488-3604236847-512","ObjectType":"Group"},{"ObjectIdentifier":"S-1-5-21-3432610366-2163336488-3604236847-519","ObjectType":"Group"},{"ObjectIdentifier":"S-1-5-21-3432610366-2163336488-3604236847-500","ObjectType":"User"}],"Aces":[{"PrincipalSID":"S-1-5-21-3432610366-2163336488-3604236847-512","PrincipalType":"Group","RightName":"Owns","IsInherited":false,"InheritanceHash":""},{"PrincipalSID":"S-1-5-21-3432610366-2163336488-3604236847-512","PrincipalType":"Group","RightName":"GenericWrite","IsInherited":false,"InheritanceHash":""},{"PrincipalSID":"S-1-5-21-3432610366-2163336488-3604236847-512","PrincipalType":"Group","RightName":"WriteOwner","IsInherited":false,"InheritanceHash":""},{"PrincipalSID":"S-1-5-21-3432610366-2163336488-3604236847-512","PrincipalType":"Group","RightName":"WriteDacl","IsInherited":false,"InheritanceHash":""},{"PrincipalSID":"S-1-5-21-3432610366-2163336488-3604236847-519","PrincipalType":"Group","RightName":"GenericWrite","IsInherited":false,"InheritanceHash":""},{"PrincipalSID":"S-1-5-21-3432610366-2163336488-3604236847-519","PrincipalType":"Group","RightName":"WriteOwner","IsInherited":false,"InheritanceHash":""},{"PrincipalSID":"S-1-5-21-3432610366-2163336488-3604236847-519","PrincipalType":"Group","RightName":"WriteDacl","IsInherited":false,"InheritanceHash":""},{"PrincipalSID":"DARKCORP.HTB-S-1-5-32-544","PrincipalType":"Group","RightName":"GenericWrite","IsInherited":false,"InheritanceHash":""},{"PrincipalSID":"DARKCORP.HTB-S-1-5-32-544","PrincipalType":"Group","RightName":"WriteOwner","IsInherited":false,"InheritanceHash":""},{"PrincipalSID":"DARKCORP.HTB-S-1-5-32-544","PrincipalType":"Group","RightName":"WriteDacl","IsInherited":false,"InheritanceHash":""}],"ContainedBy":null},{"ObjectIdentifier":"DARKCORP.HTB-S-1-5-32-545","IsDeleted":false,"IsACLProtected":false,"Properties":{"domain":"DARKCORP.HTB","name":"USERS@DARKCORP.HTB","distinguishedname":"CN=USERS,CN=BUILTIN,DC=DARKCORP,DC=HTB","domainsid":"S-1-5-21-3432610366-2163336488-3604236847","isaclprotected":false,"highvalue":false,"samaccountname":"Users","description":"Users are prevented from making accidental or intentional system-wide changes and can run most applications","whencreated":1735514908,"admincount":false},"Members":[{"ObjectIdentifier":"S-1-5-21-3432610366-2163336488-3604236847-513","ObjectType":"Group"},{"ObjectIdentifier":"DARKCORP.HTB-S-1-5-11","ObjectType":"Group"},{"ObjectIdentifier":"DARKCORP.HTB-S-1-5-4","ObjectType":"Group"}],"Aces":[{"PrincipalSID":"DARKCORP.HTB-S-1-5-32-544","PrincipalType":"Group","RightName":"Owns","IsInherited":false,"InheritanceHash":""},{"PrincipalSID":"S-1-5-21-3432610366-2163336488-3604236847-512","PrincipalType":"Group","RightName":"GenericAll","IsInherited":false,"InheritanceHash":""},{"PrincipalSID":"DARKCORP.HTB-S-1-5-32-548","PrincipalType":"Group","RightName":"GenericAll","IsInherited":false,"InheritanceHash":""},{"PrincipalSID":"S-1-5-21-3432610366-2163336488-3604236847-519","PrincipalType":"Group","RightName":"GenericAll","IsInherited":true,"InheritanceHash":""},{"PrincipalSID":"DARKCORP.HTB-S-1-5-32-544","PrincipalType":"Group","RightName":"GenericWrite","IsInherited":true,"InheritanceHash":""},{"PrincipalSID":"DARKCORP.HTB-S-1-5-32-544","PrincipalType":"Group","RightName":"WriteOwner","IsInherited":true,"InheritanceHash":""},{"PrincipalSID":"DARKCORP.HTB-S-1-5-32-544","PrincipalType":"Group","RightName":"WriteDacl","IsInherited":true,"InheritanceHash":""}],"ContainedBy":null},{"ObjectIdentifier":"DARKCORP.HTB-S-1-5-32-546","IsDeleted":false,"IsACLProtected":false,"Properties":{"domain":"DARKCORP.HTB","name":"GUESTS@DARKCORP.HTB","distinguishedname":"CN=GUESTS,CN=BUILTIN,DC=DARKCORP,DC=HTB","domainsid":"S-1-5-21-3432610366-2163336488-3604236847","isaclprotected":false,"highvalue":false,"samaccountname":"Guests","description":"Guests have the same access as members of the Users group by default, except for the Guest account which is further restricted","whencreated":1735514908,"admincount":false},"Members":[{"ObjectIdentifier":"S-1-5-21-3432610366-2163336488-3604236847-514","ObjectType":"Group"},{"ObjectIdentifier":"S-1-5-21-3432610366-2163336488-3604236847-501","ObjectType":"User"}],"Aces":[{"PrincipalSID":"DARKCORP.HTB-S-1-5-32-544","PrincipalType":"Group","RightName":"Owns","IsInherited":false,"InheritanceHash":""},{"PrincipalSID":"S-1-5-21-3432610366-2163336488-3604236847-512","PrincipalType":"Group","RightName":"GenericAll","IsInherited":false,"InheritanceHash":""},{"PrincipalSID":"DARKCORP.HTB-S-1-5-32-548","PrincipalType":"Group","RightName":"GenericAll","IsInherited":false,"InheritanceHash":""},{"PrincipalSID":"S-1-5-21-3432610366-2163336488-3604236847-519","PrincipalType":"Group","RightName":"GenericAll","IsInherited":true,"InheritanceHash":""},{"PrincipalSID":"DARKCORP.HTB-S-1-5-32-544","PrincipalType":"Group","RightName":"GenericWrite","IsInherited":true,"InheritanceHash":""},{"PrincipalSID":"DARKCORP.HTB-S-1-5-32-544","PrincipalType":"Group","RightName":"WriteOwner","IsInherited":true,"InheritanceHash":""},{"PrincipalSID":"DARKCORP.HTB-S-1-5-32-544","PrincipalType":"Group","RightName":"WriteDacl","IsInherited":true,"InheritanceHash":""}],"ContainedBy":null},{"ObjectIdentifier":"DARKCORP.HTB-S-1-5-32-550","IsDeleted":false,"IsACLProtected":false,"Properties":{"domain":"DARKCORP.HTB","name":"PRINT OPERATORS@DARKCORP.HTB","distinguishedname":"CN=PRINT OPERATORS,CN=BUILTIN,DC=DARKCORP,DC=HTB","domainsid":"S-1-5-21-3432610366-2163336488-3604236847","isaclprotected":false,"highvalue":true,"samaccountname":"Print Operators","description":"Members can administer printers installed on domain controllers","whencreated":1735514908,"admincount":true},"Members":[],"Aces":[{"PrincipalSID":"S-1-5-21-3432610366-2163336488-3604236847-512","PrincipalType":"Group","RightName":"Owns","IsInherited":false,"InheritanceHash":""},{"PrincipalSID":"S-1-5-21-3432610366-2163336488-3604236847-512","PrincipalType":"Group","RightName":"GenericWrite","IsInherited":false,"InheritanceHash":""},{"PrincipalSID":"S-1-5-21-3432610366-2163336488-3604236847-512","PrincipalType":"Group","RightName":"WriteOwner","IsInherited":false,"InheritanceHash":""},{"PrincipalSID":"S-1-5-21-3432610366-2163336488-3604236847-512","PrincipalType":"Group","RightName":"WriteDacl","IsInherited":false,"InheritanceHash":""},{"PrincipalSID":"S-1-5-21-3432610366-2163336488-3604236847-519","PrincipalType":"Group","RightName":"GenericWrite","IsInherited":false,"InheritanceHash":""},{"PrincipalSID":"S-1-5-21-3432610366-2163336488-3604236847-519","PrincipalType":"Group","RightName":"WriteOwner","IsInherited":false,"InheritanceHash":""},{"PrincipalSID":"S-1-5-21-3432610366-2163336488-3604236847-519","PrincipalType":"Group","RightName":"WriteDacl","IsInherited":false,"InheritanceHash":""},{"PrincipalSID":"DARKCORP.HTB-S-1-5-32-544","PrincipalType":"Group","RightName":"GenericWrite","IsInherited":false,"InheritanceHash":""},{"PrincipalSID":"DARKCORP.HTB-S-1-5-32-544","PrincipalType":"Group","RightName":"WriteOwner","IsInherited":false,"InheritanceHash":""},{"PrincipalSID":"DARKCORP.HTB-S-1-5-32-544","PrincipalType":"Group","RightName":"WriteDacl","IsInherited":false,"InheritanceHash":""}],"ContainedBy":null},{"ObjectIdentifier":"DARKCORP.HTB-S-1-5-32-551","IsDeleted":false,"IsACLProtected":false,"Properties":{"domain":"DARKCORP.HTB","name":"BACKUP OPERATORS@DARKCORP.HTB","distinguishedname":"CN=BACKUP OPERATORS,CN=BUILTIN,DC=DARKCORP,DC=HTB","domainsid":"S-1-5-21-3432610366-2163336488-3604236847","isaclprotected":false,"highvalue":true,"samaccountname":"Backup Operators","description":"Backup Operators can override security restrictions for the sole purpose of backing up or restoring files","whencreated":1735514908,"admincount":true},"Members":[],"Aces":[{"PrincipalSID":"S-1-5-21-3432610366-2163336488-3604236847-512","PrincipalType":"Group","RightName":"Owns","IsInherited":false,"InheritanceHash":""},{"PrincipalSID":"S-1-5-21-3432610366-2163336488-3604236847-512","PrincipalType":"Group","RightName":"GenericWrite","IsInherited":false,"InheritanceHash":""},{"PrincipalSID":"S-1-5-21-3432610366-2163336488-3604236847-512","PrincipalType":"Group","RightName":"WriteOwner","IsInherited":false,"InheritanceHash":""},{"PrincipalSID":"S-1-5-21-3432610366-2163336488-3604236847-512","PrincipalType":"Group","RightName":"WriteDacl","IsInherited":false,"InheritanceHash":""},{"PrincipalSID":"S-1-5-21-3432610366-2163336488-3604236847-519","PrincipalType":"Group","RightName":"GenericWrite","IsInherited":false,"InheritanceHash":""},{"PrincipalSID":"S-1-5-21-3432610366-2163336488-3604236847-519","PrincipalType":"Group","RightName":"WriteOwner","IsInherited":false,"InheritanceHash":""},{"PrincipalSID":"S-1-5-21-3432610366-2163336488-3604236847-519","PrincipalType":"Group","RightName":"WriteDacl","IsInherited":false,"InheritanceHash":""},{"PrincipalSID":"DARKCORP.HTB-S-1-5-32-544","PrincipalType":"Group","RightName":"GenericWrite","IsInherited":false,"InheritanceHash":""},{"PrincipalSID":"DARKCORP.HTB-S-1-5-32-544","PrincipalType":"Group","RightName":"WriteOwner","IsInherited":false,"InheritanceHash":""},{"PrincipalSID":"DARKCORP.HTB-S-1-5-32-544","PrincipalType":"Group","RightName":"WriteDacl","IsInherited":false,"InheritanceHash":""}],"ContainedBy":null},{"ObjectIdentifier":"DARKCORP.HTB-S-1-5-32-552","IsDeleted":false,"IsACLProtected":false,"Properties":{"domain":"DARKCORP.HTB","name":"REPLICATOR@DARKCORP.HTB","distinguishedname":"CN=REPLICATOR,CN=BUILTIN,DC=DARKCORP,DC=HTB","domainsid":"S-1-5-21-3432610366-2163336488-3604236847","isaclprotected":false,"highvalue":false,"samaccountname":"Replicator","description":"Supports file replication in a domain","whencreated":1735514908,"admincount":true},"Members":[],"Aces":[{"PrincipalSID":"S-1-5-21-3432610366-2163336488-3604236847-512","PrincipalType":"Group","RightName":"Owns","IsInherited":false,"InheritanceHash":""},{"PrincipalSID":"S-1-5-21-3432610366-2163336488-3604236847-512","PrincipalType":"Group","RightName":"GenericWrite","IsInherited":false,"InheritanceHash":""},{"PrincipalSID":"S-1-5-21-3432610366-2163336488-3604236847-512","PrincipalType":"Group","RightName":"WriteOwner","IsInherited":false,"InheritanceHash":""},{"PrincipalSID":"S-1-5-21-3432610366-2163336488-3604236847-512","PrincipalType":"Group","RightName":"WriteDacl","IsInherited":false,"InheritanceHash":""},{"PrincipalSID":"S-1-5-21-3432610366-2163336488-3604236847-519","PrincipalType":"Group","RightName":"GenericWrite","IsInherited":false,"InheritanceHash":""},{"PrincipalSID":"S-1-5-21-3432610366-2163336488-3604236847-519","PrincipalType":"Group","RightName":"WriteOwner","IsInherited":false,"InheritanceHash":""},{"PrincipalSID":"S-1-5-21-3432610366-2163336488-3604236847-519","PrincipalType":"Group","RightName":"WriteDacl","IsInherited":false,"InheritanceHash":""},{"PrincipalSID":"DARKCORP.HTB-S-1-5-32-544","PrincipalType":"Group","RightName":"GenericWrite","IsInherited":false,"InheritanceHash":""},{"PrincipalSID":"DARKCORP.HTB-S-1-5-32-544","PrincipalType":"Group","RightName":"WriteOwner","IsInherited":false,"InheritanceHash":""},{"PrincipalSID":"DARKCORP.HTB-S-1-5-32-544","PrincipalType":"Group","RightName":"WriteDacl","IsInherited":false,"InheritanceHash":""}],"ContainedBy":null},{"ObjectIdentifier":"DARKCORP.HTB-S-1-5-32-555","IsDeleted":false,"IsACLProtected":false,"Properties":{"domain":"DARKCORP.HTB","name":"REMOTE DESKTOP USERS@DARKCORP.HTB","distinguishedname":"CN=REMOTE DESKTOP USERS,CN=BUILTIN,DC=DARKCORP,DC=HTB","domainsid":"S-1-5-21-3432610366-2163336488-3604236847","isaclprotected":false,"highvalue":false,"samaccountname":"Remote Desktop Users","description":"Members in this group are granted the right to logon remotely","whencreated":1735514908,"admincount":false},"Members":[],"Aces":[{"PrincipalSID":"DARKCORP.HTB-S-1-5-32-544","PrincipalType":"Group","RightName":"Owns","IsInherited":false,"InheritanceHash":""},{"PrincipalSID":"S-1-5-21-3432610366-2163336488-3604236847-512","PrincipalType":"Group","RightName":"GenericAll","IsInherited":false,"InheritanceHash":""},{"PrincipalSID":"DARKCORP.HTB-S-1-5-32-548","PrincipalType":"Group","RightName":"GenericAll","IsInherited":false,"InheritanceHash":""},{"PrincipalSID":"S-1-5-21-3432610366-2163336488-3604236847-519","PrincipalType":"Group","RightName":"GenericAll","IsInherited":true,"InheritanceHash":""},{"PrincipalSID":"DARKCORP.HTB-S-1-5-32-544","PrincipalType":"Group","RightName":"GenericWrite","IsInherited":true,"InheritanceHash":""},{"PrincipalSID":"DARKCORP.HTB-S-1-5-32-544","PrincipalType":"Group","RightName":"WriteOwner","IsInherited":true,"InheritanceHash":""},{"PrincipalSID":"DARKCORP.HTB-S-1-5-32-544","PrincipalType":"Group","RightName":"WriteDacl","IsInherited":true,"InheritanceHash":""}],"ContainedBy":null},{"ObjectIdentifier":"DARKCORP.HTB-S-1-5-32-556","IsDeleted":false,"IsACLProtected":false,"Properties":{"domain":"DARKCORP.HTB","name":"NETWORK CONFIGURATION OPERATORS@DARKCORP.HTB","distinguishedname":"CN=NETWORK CONFIGURATION OPERATORS,CN=BUILTIN,DC=DARKCORP,DC=HTB","domainsid":"S-1-5-21-3432610366-2163336488-3604236847","isaclprotected":false,"highvalue":false,"samaccountname":"Network Configuration Operators","description":"Members in this group can have some administrative privileges to manage configuration of networking features","whencreated":1735514908,"admincount":false},"Members":[],"Aces":[{"PrincipalSID":"DARKCORP.HTB-S-1-5-32-544","PrincipalType":"Group","RightName":"Owns","IsInherited":false,"InheritanceHash":""},{"PrincipalSID":"S-1-5-21-3432610366-2163336488-3604236847-512","PrincipalType":"Group","RightName":"GenericAll","IsInherited":false,"InheritanceHash":""},{"PrincipalSID":"DARKCORP.HTB-S-1-5-32-548","PrincipalType":"Group","RightName":"GenericAll","IsInherited":false,"InheritanceHash":""},{"PrincipalSID":"S-1-5-21-3432610366-2163336488-3604236847-519","PrincipalType":"Group","RightName":"GenericAll","IsInherited":true,"InheritanceHash":""},{"PrincipalSID":"DARKCORP.HTB-S-1-5-32-544","PrincipalType":"Group","RightName":"GenericWrite","IsInherited":true,"InheritanceHash":""},{"PrincipalSID":"DARKCORP.HTB-S-1-5-32-544","PrincipalType":"Group","RightName":"WriteOwner","IsInherited":true,"InheritanceHash":""},{"PrincipalSID":"DARKCORP.HTB-S-1-5-32-544","PrincipalType":"Group","RightName":"WriteDacl","IsInherited":true,"InheritanceHash":""}],"ContainedBy":null},{"ObjectIdentifier":"DARKCORP.HTB-S-1-5-32-558","IsDeleted":false,"IsACLProtected":false,"Properties":{"domain":"DARKCORP.HTB","name":"PERFORMANCE MONITOR USERS@DARKCORP.HTB","distinguishedname":"CN=PERFORMANCE MONITOR USERS,CN=BUILTIN,DC=DARKCORP,DC=HTB","domainsid":"S-1-5-21-3432610366-2163336488-3604236847","isaclprotected":false,"highvalue":false,"samaccountname":"Performance Monitor Users","description":"Members of this group can access performance counter data locally and remotely","whencreated":1735514908,"admincount":false},"Members":[],"Aces":[{"PrincipalSID":"DARKCORP.HTB-S-1-5-32-544","PrincipalType":"Group","RightName":"Owns","IsInherited":false,"InheritanceHash":""},{"PrincipalSID":"S-1-5-21-3432610366-2163336488-3604236847-512","PrincipalType":"Group","RightName":"GenericAll","IsInherited":false,"InheritanceHash":""},{"PrincipalSID":"DARKCORP.HTB-S-1-5-32-548","PrincipalType":"Group","RightName":"GenericAll","IsInherited":false,"InheritanceHash":""},{"PrincipalSID":"S-1-5-21-3432610366-2163336488-3604236847-519","PrincipalType":"Group","RightName":"GenericAll","IsInherited":true,"InheritanceHash":""},{"PrincipalSID":"DARKCORP.HTB-S-1-5-32-544","PrincipalType":"Group","RightName":"GenericWrite","IsInherited":true,"InheritanceHash":""},{"PrincipalSID":"DARKCORP.HTB-S-1-5-32-544","PrincipalType":"Group","RightName":"WriteOwner","IsInherited":true,"InheritanceHash":""},{"PrincipalSID":"DARKCORP.HTB-S-1-5-32-544","PrincipalType":"Group","RightName":"WriteDacl","IsInherited":true,"InheritanceHash":""}],"ContainedBy":null},{"ObjectIdentifier":"DARKCORP.HTB-S-1-5-32-559","IsDeleted":false,"IsACLProtected":false,"Properties":{"domain":"DARKCORP.HTB","name":"PERFORMANCE LOG USERS@DARKCORP.HTB","distinguishedname":"CN=PERFORMANCE LOG USERS,CN=BUILTIN,DC=DARKCORP,DC=HTB","domainsid":"S-1-5-21-3432610366-2163336488-3604236847","isaclprotected":false,"highvalue":false,"samaccountname":"Performance Log Users","description":"Members of this group may schedule logging of performance counters, enable trace providers, and collect event traces both locally and via remote access to this computer","whencreated":1735514908,"admincount":false},"Members":[],"Aces":[{"PrincipalSID":"DARKCORP.HTB-S-1-5-32-544","PrincipalType":"Group","RightName":"Owns","IsInherited":false,"InheritanceHash":""},{"PrincipalSID":"S-1-5-21-3432610366-2163336488-3604236847-512","PrincipalType":"Group","RightName":"GenericAll","IsInherited":false,"InheritanceHash":""},{"PrincipalSID":"DARKCORP.HTB-S-1-5-32-548","PrincipalType":"Group","RightName":"GenericAll","IsInherited":false,"InheritanceHash":""},{"PrincipalSID":"S-1-5-21-3432610366-2163336488-3604236847-519","PrincipalType":"Group","RightName":"GenericAll","IsInherited":true,"InheritanceHash":""},{"PrincipalSID":"DARKCORP.HTB-S-1-5-32-544","PrincipalType":"Group","RightName":"GenericWrite","IsInherited":true,"InheritanceHash":""},{"PrincipalSID":"DARKCORP.HTB-S-1-5-32-544","PrincipalType":"Group","RightName":"WriteOwner","IsInherited":true,"InheritanceHash":""},{"PrincipalSID":"DARKCORP.HTB-S-1-5-32-544","PrincipalType":"Group","RightName":"WriteDacl","IsInherited":true,"InheritanceHash":""}],"ContainedBy":null},{"ObjectIdentifier":"DARKCORP.HTB-S-1-5-32-562","IsDeleted":false,"IsACLProtected":false,"Properties":{"domain":"DARKCORP.HTB","name":"DISTRIBUTED COM USERS@DARKCORP.HTB","distinguishedname":"CN=DISTRIBUTED COM USERS,CN=BUILTIN,DC=DARKCORP,DC=HTB","domainsid":"S-1-5-21-3432610366-2163336488-3604236847","isaclprotected":false,"highvalue":false,"samaccountname":"Distributed COM Users","description":"Members are allowed to launch, activate and use Distributed COM objects on this machine.","whencreated":1735514908,"admincount":false},"Members":[],"Aces":[{"PrincipalSID":"DARKCORP.HTB-S-1-5-32-544","PrincipalType":"Group","RightName":"Owns","IsInherited":false,"InheritanceHash":""},{"PrincipalSID":"S-1-5-21-3432610366-2163336488-3604236847-512","PrincipalType":"Group","RightName":"GenericAll","IsInherited":false,"InheritanceHash":""},{"PrincipalSID":"DARKCORP.HTB-S-1-5-32-548","PrincipalType":"Group","RightName":"GenericAll","IsInherited":false,"InheritanceHash":""},{"PrincipalSID":"S-1-5-21-3432610366-2163336488-3604236847-519","PrincipalType":"Group","RightName":"GenericAll","IsInherited":true,"InheritanceHash":""},{"PrincipalSID":"DARKCORP.HTB-S-1-5-32-544","PrincipalType":"Group","RightName":"GenericWrite","IsInherited":true,"InheritanceHash":""},{"PrincipalSID":"DARKCORP.HTB-S-1-5-32-544","PrincipalType":"Group","RightName":"WriteOwner","IsInherited":true,"InheritanceHash":""},{"PrincipalSID":"DARKCORP.HTB-S-1-5-32-544","PrincipalType":"Group","RightName":"WriteDacl","IsInherited":true,"InheritanceHash":""}],"ContainedBy":null},{"ObjectIdentifier":"DARKCORP.HTB-S-1-5-32-568","IsDeleted":false,"IsACLProtected":false,"Properties":{"domain":"DARKCORP.HTB","name":"IIS_IUSRS@DARKCORP.HTB","distinguishedname":"CN=IIS_IUSRS,CN=BUILTIN,DC=DARKCORP,DC=HTB","domainsid":"S-1-5-21-3432610366-2163336488-3604236847","isaclprotected":false,"highvalue":false,"samaccountname":"IIS_IUSRS","description":"Built-in group used by Internet Information Services.","whencreated":1735514908,"admincount":false},"Members":[],"Aces":[{"PrincipalSID":"DARKCORP.HTB-S-1-5-32-544","PrincipalType":"Group","RightName":"Owns","IsInherited":false,"InheritanceHash":""},{"PrincipalSID":"S-1-5-21-3432610366-2163336488-3604236847-512","PrincipalType":"Group","RightName":"GenericAll","IsInherited":false,"InheritanceHash":""},{"PrincipalSID":"DARKCORP.HTB-S-1-5-32-548","PrincipalType":"Group","RightName":"GenericAll","IsInherited":false,"InheritanceHash":""},{"PrincipalSID":"S-1-5-21-3432610366-2163336488-3604236847-519","PrincipalType":"Group","RightName":"GenericAll","IsInherited":true,"InheritanceHash":""},{"PrincipalSID":"DARKCORP.HTB-S-1-5-32-544","PrincipalType":"Group","RightName":"GenericWrite","IsInherited":true,"InheritanceHash":""},{"PrincipalSID":"DARKCORP.HTB-S-1-5-32-544","PrincipalType":"Group","RightName":"WriteOwner","IsInherited":true,"InheritanceHash":""},{"PrincipalSID":"DARKCORP.HTB-S-1-5-32-544","PrincipalType":"Group","RightName":"WriteDacl","IsInherited":true,"InheritanceHash":""}],"ContainedBy":null},{"ObjectIdentifier":"DARKCORP.HTB-S-1-5-32-569","IsDeleted":false,"IsACLProtected":false,"Properties":{"domain":"DARKCORP.HTB","name":"CRYPTOGRAPHIC OPERATORS@DARKCORP.HTB","distinguishedname":"CN=CRYPTOGRAPHIC OPERATORS,CN=BUILTIN,DC=DARKCORP,DC=HTB","domainsid":"S-1-5-21-3432610366-2163336488-3604236847","isaclprotected":false,"highvalue":false,"samaccountname":"Cryptographic Operators","description":"Members are authorized to perform cryptographic operations.","whencreated":1735514908,"admincount":false},"Members":[],"Aces":[{"PrincipalSID":"DARKCORP.HTB-S-1-5-32-544","PrincipalType":"Group","RightName":"Owns","IsInherited":false,"InheritanceHash":""},{"PrincipalSID":"S-1-5-21-3432610366-2163336488-3604236847-512","PrincipalType":"Group","RightName":"GenericAll","IsInherited":false,"InheritanceHash":""},{"PrincipalSID":"DARKCORP.HTB-S-1-5-32-548","PrincipalType":"Group","RightName":"GenericAll","IsInherited":false,"InheritanceHash":""},{"PrincipalSID":"S-1-5-21-3432610366-2163336488-3604236847-519","PrincipalType":"Group","RightName":"GenericAll","IsInherited":true,"InheritanceHash":""},{"PrincipalSID":"DARKCORP.HTB-S-1-5-32-544","PrincipalType":"Group","RightName":"GenericWrite","IsInherited":true,"InheritanceHash":""},{"PrincipalSID":"DARKCORP.HTB-S-1-5-32-544","PrincipalType":"Group","RightName":"WriteOwner","IsInherited":true,"InheritanceHash":""},{"PrincipalSID":"DARKCORP.HTB-S-1-5-32-544","PrincipalType":"Group","RightName":"WriteDacl","IsInherited":true,"InheritanceHash":""}],"ContainedBy":null},{"ObjectIdentifier":"DARKCORP.HTB-S-1-5-32-573","IsDeleted":false,"IsACLProtected":false,"Properties":{"domain":"DARKCORP.HTB","name":"EVENT LOG READERS@DARKCORP.HTB","distinguishedname":"CN=EVENT LOG READERS,CN=BUILTIN,DC=DARKCORP,DC=HTB","domainsid":"S-1-5-21-3432610366-2163336488-3604236847","isaclprotected":false,"highvalue":false,"samaccountname":"Event Log Readers","description":"Members of this group can read event logs from local machine","whencreated":1735514908,"admincount":false},"Members":[],"Aces":[{"PrincipalSID":"DARKCORP.HTB-S-1-5-32-544","PrincipalType":"Group","RightName":"Owns","IsInherited":false,"InheritanceHash":""},{"PrincipalSID":"S-1-5-21-3432610366-2163336488-3604236847-512","PrincipalType":"Group","RightName":"GenericAll","IsInherited":false,"InheritanceHash":""},{"PrincipalSID":"DARKCORP.HTB-S-1-5-32-548","PrincipalType":"Group","RightName":"GenericAll","IsInherited":false,"InheritanceHash":""},{"PrincipalSID":"S-1-5-21-3432610366-2163336488-3604236847-519","PrincipalType":"Group","RightName":"GenericAll","IsInherited":true,"InheritanceHash":""},{"PrincipalSID":"DARKCORP.HTB-S-1-5-32-544","PrincipalType":"Group","RightName":"GenericWrite","IsInherited":true,"InheritanceHash":""},{"PrincipalSID":"DARKCORP.HTB-S-1-5-32-544","PrincipalType":"Group","RightName":"WriteOwner","IsInherited":true,"InheritanceHash":""},{"PrincipalSID":"DARKCORP.HTB-S-1-5-32-544","PrincipalType":"Group","RightName":"WriteDacl","IsInherited":true,"InheritanceHash":""}],"ContainedBy":null},{"ObjectIdentifier":"DARKCORP.HTB-S-1-5-32-574","IsDeleted":false,"IsACLProtected":false,"Properties":{"domain":"DARKCORP.HTB","name":"CERTIFICATE SERVICE DCOM ACCESS@DARKCORP.HTB","distinguishedname":"CN=CERTIFICATE SERVICE DCOM ACCESS,CN=BUILTIN,DC=DARKCORP,DC=HTB","domainsid":"S-1-5-21-3432610366-2163336488-3604236847","isaclprotected":false,"highvalue":false,"samaccountname":"Certificate Service DCOM Access","description":"Members of this group are allowed to connect to Certification Authorities in the enterprise","whencreated":1735514908,"admincount":false},"Members":[{"ObjectIdentifier":"DARKCORP.HTB-S-1-5-11","ObjectType":"Group"}],"Aces":[{"PrincipalSID":"DARKCORP.HTB-S-1-5-32-544","PrincipalType":"Group","RightName":"Owns","IsInherited":false,"InheritanceHash":""},{"PrincipalSID":"S-1-5-21-3432610366-2163336488-3604236847-512","PrincipalType":"Group","RightName":"GenericAll","IsInherited":false,"InheritanceHash":""},{"PrincipalSID":"DARKCORP.HTB-S-1-5-32-548","PrincipalType":"Group","RightName":"GenericAll","IsInherited":false,"InheritanceHash":""},{"PrincipalSID":"S-1-5-21-3432610366-2163336488-3604236847-519","PrincipalType":"Group","RightName":"GenericAll","IsInherited":true,"InheritanceHash":""},{"PrincipalSID":"DARKCORP.HTB-S-1-5-32-544","PrincipalType":"Group","RightName":"GenericWrite","IsInherited":true,"InheritanceHash":""},{"PrincipalSID":"DARKCORP.HTB-S-1-5-32-544","PrincipalType":"Group","RightName":"WriteOwner","IsInherited":true,"InheritanceHash":""},{"PrincipalSID":"DARKCORP.HTB-S-1-5-32-544","PrincipalType":"Group","RightName":"WriteDacl","IsInherited":true,"InheritanceHash":""}],"ContainedBy":null},{"ObjectIdentifier":"DARKCORP.HTB-S-1-5-32-575","IsDeleted":false,"IsACLProtected":false,"Properties":{"domain":"DARKCORP.HTB","name":"RDS REMOTE ACCESS SERVERS@DARKCORP.HTB","distinguishedname":"CN=RDS REMOTE ACCESS SERVERS,CN=BUILTIN,DC=DARKCORP,DC=HTB","domainsid":"S-1-5-21-3432610366-2163336488-3604236847","isaclprotected":false,"highvalue":false,"samaccountname":"RDS Remote Access Servers","description":"Servers in this group enable users of RemoteApp programs and personal virtual desktops access to these resources. In Internet-facing deployments, these servers are typically deployed in an edge network. This group needs to be populated on servers running RD Connection Broker. RD Gateway servers and RD Web Access servers used in the deployment need to be in this group.","whencreated":1735514908,"admincount":false},"Members":[],"Aces":[{"PrincipalSID":"DARKCORP.HTB-S-1-5-32-544","PrincipalType":"Group","RightName":"Owns","IsInherited":false,"InheritanceHash":""},{"PrincipalSID":"S-1-5-21-3432610366-2163336488-3604236847-512","PrincipalType":"Group","RightName":"GenericAll","IsInherited":false,"InheritanceHash":""},{"PrincipalSID":"DARKCORP.HTB-S-1-5-32-548","PrincipalType":"Group","RightName":"GenericAll","IsInherited":false,"InheritanceHash":""},{"PrincipalSID":"S-1-5-21-3432610366-2163336488-3604236847-519","PrincipalType":"Group","RightName":"GenericAll","IsInherited":true,"InheritanceHash":""},{"PrincipalSID":"DARKCORP.HTB-S-1-5-32-544","PrincipalType":"Group","RightName":"GenericWrite","IsInherited":true,"InheritanceHash":""},{"PrincipalSID":"DARKCORP.HTB-S-1-5-32-544","PrincipalType":"Group","RightName":"WriteOwner","IsInherited":true,"InheritanceHash":""},{"PrincipalSID":"DARKCORP.HTB-S-1-5-32-544","PrincipalType":"Group","RightName":"WriteDacl","IsInherited":true,"InheritanceHash":""}],"ContainedBy":null},{"ObjectIdentifier":"DARKCORP.HTB-S-1-5-32-576","IsDeleted":false,"IsACLProtected":false,"Properties":{"domain":"DARKCORP.HTB","name":"RDS ENDPOINT SERVERS@DARKCORP.HTB","distinguishedname":"CN=RDS ENDPOINT SERVERS,CN=BUILTIN,DC=DARKCORP,DC=HTB","domainsid":"S-1-5-21-3432610366-2163336488-3604236847","isaclprotected":false,"highvalue":false,"samaccountname":"RDS Endpoint Servers","description":"Servers in this group run virtual machines and host sessions where users RemoteApp programs and personal virtual desktops run. This group needs to be populated on servers running RD Connection Broker. RD Session Host servers and RD Virtualization Host servers used in the deployment need to be in this group.","whencreated":1735514908,"admincount":false},"Members":[],"Aces":[{"PrincipalSID":"DARKCORP.HTB-S-1-5-32-544","PrincipalType":"Group","RightName":"Owns","IsInherited":false,"InheritanceHash":""},{"PrincipalSID":"S-1-5-21-3432610366-2163336488-3604236847-512","PrincipalType":"Group","RightName":"GenericAll","IsInherited":false,"InheritanceHash":""},{"PrincipalSID":"DARKCORP.HTB-S-1-5-32-548","PrincipalType":"Group","RightName":"GenericAll","IsInherited":false,"InheritanceHash":""},{"PrincipalSID":"S-1-5-21-3432610366-2163336488-3604236847-519","PrincipalType":"Group","RightName":"GenericAll","IsInherited":true,"InheritanceHash":""},{"PrincipalSID":"DARKCORP.HTB-S-1-5-32-544","PrincipalType":"Group","RightName":"GenericWrite","IsInherited":true,"InheritanceHash":""},{"PrincipalSID":"DARKCORP.HTB-S-1-5-32-544","PrincipalType":"Group","RightName":"WriteOwner","IsInherited":true,"InheritanceHash":""},{"PrincipalSID":"DARKCORP.HTB-S-1-5-32-544","PrincipalType":"Group","RightName":"WriteDacl","IsInherited":true,"InheritanceHash":""}],"ContainedBy":null},{"ObjectIdentifier":"DARKCORP.HTB-S-1-5-32-577","IsDeleted":false,"IsACLProtected":false,"Properties":{"domain":"DARKCORP.HTB","name":"RDS MANAGEMENT SERVERS@DARKCORP.HTB","distinguishedname":"CN=RDS MANAGEMENT SERVERS,CN=BUILTIN,DC=DARKCORP,DC=HTB","domainsid":"S-1-5-21-3432610366-2163336488-3604236847","isaclprotected":false,"highvalue":false,"samaccountname":"RDS Management Servers","description":"Servers in this group can perform routine administrative actions on servers running Remote Desktop Services. This group needs to be populated on all servers in a Remote Desktop Services deployment. The servers running the RDS Central Management service must be included in this group.","whencreated":1735514908,"admincount":false},"Members":[],"Aces":[{"PrincipalSID":"DARKCORP.HTB-S-1-5-32-544","PrincipalType":"Group","RightName":"Owns","IsInherited":false,"InheritanceHash":""},{"PrincipalSID":"S-1-5-21-3432610366-2163336488-3604236847-512","PrincipalType":"Group","RightName":"GenericAll","IsInherited":false,"InheritanceHash":""},{"PrincipalSID":"DARKCORP.HTB-S-1-5-32-548","PrincipalType":"Group","RightName":"GenericAll","IsInherited":false,"InheritanceHash":""},{"PrincipalSID":"S-1-5-21-3432610366-2163336488-3604236847-519","PrincipalType":"Group","RightName":"GenericAll","IsInherited":true,"InheritanceHash":""},{"PrincipalSID":"DARKCORP.HTB-S-1-5-32-544","PrincipalType":"Group","RightName":"GenericWrite","IsInherited":true,"InheritanceHash":""},{"PrincipalSID":"DARKCORP.HTB-S-1-5-32-544","PrincipalType":"Group","RightName":"WriteOwner","IsInherited":true,"InheritanceHash":""},{"PrincipalSID":"DARKCORP.HTB-S-1-5-32-544","PrincipalType":"Group","RightName":"WriteDacl","IsInherited":true,"InheritanceHash":""}],"ContainedBy":null},{"ObjectIdentifier":"DARKCORP.HTB-S-1-5-32-578","IsDeleted":false,"IsACLProtected":false,"Properties":{"domain":"DARKCORP.HTB","name":"HYPER-V ADMINISTRATORS@DARKCORP.HTB","distinguishedname":"CN=HYPER-V ADMINISTRATORS,CN=BUILTIN,DC=DARKCORP,DC=HTB","domainsid":"S-1-5-21-3432610366-2163336488-3604236847","isaclprotected":false,"highvalue":false,"samaccountname":"Hyper-V Administrators","description":"Members of this group have complete and unrestricted access to all features of Hyper-V.","whencreated":1735514908,"admincount":false},"Members":[],"Aces":[{"PrincipalSID":"DARKCORP.HTB-S-1-5-32-544","PrincipalType":"Group","RightName":"Owns","IsInherited":false,"InheritanceHash":""},{"PrincipalSID":"S-1-5-21-3432610366-2163336488-3604236847-512","PrincipalType":"Group","RightName":"GenericAll","IsInherited":false,"InheritanceHash":""},{"PrincipalSID":"DARKCORP.HTB-S-1-5-32-548","PrincipalType":"Group","RightName":"GenericAll","IsInherited":false,"InheritanceHash":""},{"PrincipalSID":"S-1-5-21-3432610366-2163336488-3604236847-519","PrincipalType":"Group","RightName":"GenericAll","IsInherited":true,"InheritanceHash":""},{"PrincipalSID":"DARKCORP.HTB-S-1-5-32-544","PrincipalType":"Group","RightName":"GenericWrite","IsInherited":true,"InheritanceHash":""},{"PrincipalSID":"DARKCORP.HTB-S-1-5-32-544","PrincipalType":"Group","RightName":"WriteOwner","IsInherited":true,"InheritanceHash":""},{"PrincipalSID":"DARKCORP.HTB-S-1-5-32-544","PrincipalType":"Group","RightName":"WriteDacl","IsInherited":true,"InheritanceHash":""}],"ContainedBy":null},{"ObjectIdentifier":"DARKCORP.HTB-S-1-5-32-579","IsDeleted":false,"IsACLProtected":false,"Properties":{"domain":"DARKCORP.HTB","name":"ACCESS CONTROL ASSISTANCE OPERATORS@DARKCORP.HTB","distinguishedname":"CN=ACCESS CONTROL ASSISTANCE OPERATORS,CN=BUILTIN,DC=DARKCORP,DC=HTB","domainsid":"S-1-5-21-3432610366-2163336488-3604236847","isaclprotected":false,"highvalue":false,"samaccountname":"Access Control Assistance Operators","description":"Members of this group can remotely query authorization attributes and permissions for resources on this computer.","whencreated":1735514908,"admincount":false},"Members":[],"Aces":[{"PrincipalSID":"DARKCORP.HTB-S-1-5-32-544","PrincipalType":"Group","RightName":"Owns","IsInherited":false,"InheritanceHash":""},{"PrincipalSID":"S-1-5-21-3432610366-2163336488-3604236847-512","PrincipalType":"Group","RightName":"GenericAll","IsInherited":false,"InheritanceHash":""},{"PrincipalSID":"DARKCORP.HTB-S-1-5-32-548","PrincipalType":"Group","RightName":"GenericAll","IsInherited":false,"InheritanceHash":""},{"PrincipalSID":"S-1-5-21-3432610366-2163336488-3604236847-519","PrincipalType":"Group","RightName":"GenericAll","IsInherited":true,"InheritanceHash":""},{"PrincipalSID":"DARKCORP.HTB-S-1-5-32-544","PrincipalType":"Group","RightName":"GenericWrite","IsInherited":true,"InheritanceHash":""},{"PrincipalSID":"DARKCORP.HTB-S-1-5-32-544","PrincipalType":"Group","RightName":"WriteOwner","IsInherited":true,"InheritanceHash":""},{"PrincipalSID":"DARKCORP.HTB-S-1-5-32-544","PrincipalType":"Group","RightName":"WriteDacl","IsInherited":true,"InheritanceHash":""}],"ContainedBy":null},{"ObjectIdentifier":"DARKCORP.HTB-S-1-5-32-580","IsDeleted":false,"IsACLProtected":false,"Properties":{"domain":"DARKCORP.HTB","name":"REMOTE MANAGEMENT USERS@DARKCORP.HTB","distinguishedname":"CN=REMOTE MANAGEMENT USERS,CN=BUILTIN,DC=DARKCORP,DC=HTB","domainsid":"S-1-5-21-3432610366-2163336488-3604236847","isaclprotected":false,"highvalue":false,"samaccountname":"Remote Management Users","description":"Members of this group can access WMI resources over management protocols (such as WS-Management via the Windows Remote Management service). This applies only to WMI namespaces that grant access to the user.","whencreated":1735514908,"admincount":false},"Members":[{"ObjectIdentifier":"S-1-5-21-3432610366-2163336488-3604236847-14101","ObjectType":"User"}],"Aces":[{"PrincipalSID":"DARKCORP.HTB-S-1-5-32-544","PrincipalType":"Group","RightName":"Owns","IsInherited":false,"InheritanceHash":""},{"PrincipalSID":"S-1-5-21-3432610366-2163336488-3604236847-512","PrincipalType":"Group","RightName":"GenericAll","IsInherited":false,"InheritanceHash":""},{"PrincipalSID":"DARKCORP.HTB-S-1-5-32-548","PrincipalType":"Group","RightName":"GenericAll","IsInherited":false,"InheritanceHash":""},{"PrincipalSID":"S-1-5-21-3432610366-2163336488-3604236847-519","PrincipalType":"Group","RightName":"GenericAll","IsInherited":true,"InheritanceHash":""},{"PrincipalSID":"DARKCORP.HTB-S-1-5-32-544","PrincipalType":"Group","RightName":"GenericWrite","IsInherited":true,"InheritanceHash":""},{"PrincipalSID":"DARKCORP.HTB-S-1-5-32-544","PrincipalType":"Group","RightName":"WriteOwner","IsInherited":true,"InheritanceHash":""},{"PrincipalSID":"DARKCORP.HTB-S-1-5-32-544","PrincipalType":"Group","RightName":"WriteDacl","IsInherited":true,"InheritanceHash":""}],"ContainedBy":null},{"ObjectIdentifier":"DARKCORP.HTB-S-1-5-32-582","IsDeleted":false,"IsACLProtected":false,"Properties":{"domain":"DARKCORP.HTB","name":"STORAGE REPLICA ADMINISTRATORS@DARKCORP.HTB","distinguishedname":"CN=STORAGE REPLICA ADMINISTRATORS,CN=BUILTIN,DC=DARKCORP,DC=HTB","domainsid":"S-1-5-21-3432610366-2163336488-3604236847","isaclprotected":false,"highvalue":false,"samaccountname":"Storage Replica Administrators","description":"Members of this group have complete and unrestricted access to all features of Storage Replica.","whencreated":1735514908,"admincount":false},"Members":[],"Aces":[{"PrincipalSID":"DARKCORP.HTB-S-1-5-32-544","PrincipalType":"Group","RightName":"Owns","IsInherited":false,"InheritanceHash":""},{"PrincipalSID":"S-1-5-21-3432610366-2163336488-3604236847-512","PrincipalType":"Group","RightName":"GenericAll","IsInherited":false,"InheritanceHash":""},{"PrincipalSID":"DARKCORP.HTB-S-1-5-32-548","PrincipalType":"Group","RightName":"GenericAll","IsInherited":false,"InheritanceHash":""},{"PrincipalSID":"S-1-5-21-3432610366-2163336488-3604236847-519","PrincipalType":"Group","RightName":"GenericAll","IsInherited":true,"InheritanceHash":""},{"PrincipalSID":"DARKCORP.HTB-S-1-5-32-544","PrincipalType":"Group","RightName":"GenericWrite","IsInherited":true,"InheritanceHash":""},{"PrincipalSID":"DARKCORP.HTB-S-1-5-32-544","PrincipalType":"Group","RightName":"WriteOwner","IsInherited":true,"InheritanceHash":""},{"PrincipalSID":"DARKCORP.HTB-S-1-5-32-544","PrincipalType":"Group","RightName":"WriteDacl","IsInherited":true,"InheritanceHash":""}],"ContainedBy":null},{"ObjectIdentifier":"S-1-5-21-3432610366-2163336488-3604236847-515","IsDeleted":false,"IsACLProtected":false,"Properties":{"domain":"DARKCORP.HTB","name":"DOMAIN COMPUTERS@DARKCORP.HTB","distinguishedname":"CN=DOMAIN COMPUTERS,CN=USERS,DC=DARKCORP,DC=HTB","domainsid":"S-1-5-21-3432610366-2163336488-3604236847","isaclprotected":false,"highvalue":false,"samaccountname":"Domain Computers","description":"All workstations and servers joined to the domain","whencreated":1735514945,"admincount":false},"Members":[],"Aces":[{"PrincipalSID":"S-1-5-21-3432610366-2163336488-3604236847-512","PrincipalType":"Group","RightName":"Owns","IsInherited":false,"InheritanceHash":""},{"PrincipalSID":"S-1-5-21-3432610366-2163336488-3604236847-512","PrincipalType":"Group","RightName":"GenericAll","IsInherited":false,"InheritanceHash":""},{"PrincipalSID":"DARKCORP.HTB-S-1-5-32-548","PrincipalType":"Group","RightName":"GenericAll","IsInherited":false,"InheritanceHash":""},{"PrincipalSID":"S-1-5-21-3432610366-2163336488-3604236847-519","PrincipalType":"Group","RightName":"GenericAll","IsInherited":true,"InheritanceHash":""},{"PrincipalSID":"DARKCORP.HTB-S-1-5-32-544","PrincipalType":"Group","RightName":"GenericWrite","IsInherited":true,"InheritanceHash":""},{"PrincipalSID":"DARKCORP.HTB-S-1-5-32-544","PrincipalType":"Group","RightName":"WriteOwner","IsInherited":true,"InheritanceHash":""},{"PrincipalSID":"DARKCORP.HTB-S-1-5-32-544","PrincipalType":"Group","RightName":"WriteDacl","IsInherited":true,"InheritanceHash":""}],"ContainedBy":{"ObjectIdentifier":"2DD06184-F78C-4BEE-9A6F-6587FDA1AE89","ObjectType":"Container"}},{"ObjectIdentifier":"S-1-5-21-3432610366-2163336488-3604236847-516","IsDeleted":false,"IsACLProtected":false,"Properties":{"domain":"DARKCORP.HTB","name":"DOMAIN CONTROLLERS@DARKCORP.HTB","distinguishedname":"CN=DOMAIN CONTROLLERS,CN=USERS,DC=DARKCORP,DC=HTB","domainsid":"S-1-5-21-3432610366-2163336488-3604236847","isaclprotected":false,"highvalue":true,"samaccountname":"Domain Controllers","description":"All domain controllers in the domain","whencreated":1735514945,"admincount":true},"Members":[],"Aces":[{"PrincipalSID":"S-1-5-21-3432610366-2163336488-3604236847-512","PrincipalType":"Group","RightName":"Owns","IsInherited":false,"InheritanceHash":""},{"PrincipalSID":"S-1-5-21-3432610366-2163336488-3604236847-512","PrincipalType":"Group","RightName":"GenericWrite","IsInherited":false,"InheritanceHash":""},{"PrincipalSID":"S-1-5-21-3432610366-2163336488-3604236847-512","PrincipalType":"Group","RightName":"WriteOwner","IsInherited":false,"InheritanceHash":""},{"PrincipalSID":"S-1-5-21-3432610366-2163336488-3604236847-512","PrincipalType":"Group","RightName":"WriteDacl","IsInherited":false,"InheritanceHash":""},{"PrincipalSID":"S-1-5-21-3432610366-2163336488-3604236847-519","PrincipalType":"Group","RightName":"GenericWrite","IsInherited":false,"InheritanceHash":""},{"PrincipalSID":"S-1-5-21-3432610366-2163336488-3604236847-519","PrincipalType":"Group","RightName":"WriteOwner","IsInherited":false,"InheritanceHash":""},{"PrincipalSID":"S-1-5-21-3432610366-2163336488-3604236847-519","PrincipalType":"Group","RightName":"WriteDacl","IsInherited":false,"InheritanceHash":""},{"PrincipalSID":"DARKCORP.HTB-S-1-5-32-544","PrincipalType":"Group","RightName":"GenericWrite","IsInherited":false,"InheritanceHash":""},{"PrincipalSID":"DARKCORP.HTB-S-1-5-32-544","PrincipalType":"Group","RightName":"WriteOwner","IsInherited":false,"InheritanceHash":""},{"PrincipalSID":"DARKCORP.HTB-S-1-5-32-544","PrincipalType":"Group","RightName":"WriteDacl","IsInherited":false,"InheritanceHash":""}],"ContainedBy":{"ObjectIdentifier":"2DD06184-F78C-4BEE-9A6F-6587FDA1AE89","ObjectType":"Container"}},{"ObjectIdentifier":"S-1-5-21-3432610366-2163336488-3604236847-518","IsDeleted":false,"IsACLProtected":false,"Properties":{"domain":"DARKCORP.HTB","name":"SCHEMA ADMINS@DARKCORP.HTB","distinguishedname":"CN=SCHEMA ADMINS,CN=USERS,DC=DARKCORP,DC=HTB","domainsid":"S-1-5-21-3432610366-2163336488-3604236847","isaclprotected":false,"highvalue":false,"samaccountname":"Schema Admins","description":"Designated administrators of the schema","whencreated":1735514945,"admincount":true},"Members":[{"ObjectIdentifier":"S-1-5-21-3432610366-2163336488-3604236847-500","ObjectType":"User"}],"Aces":[{"PrincipalSID":"S-1-5-21-3432610366-2163336488-3604236847-512","PrincipalType":"Group","RightName":"Owns","IsInherited":false,"InheritanceHash":""},{"PrincipalSID":"S-1-5-21-3432610366-2163336488-3604236847-512","PrincipalType":"Group","RightName":"GenericWrite","IsInherited":false,"InheritanceHash":""},{"PrincipalSID":"S-1-5-21-3432610366-2163336488-3604236847-512","PrincipalType":"Group","RightName":"WriteOwner","IsInherited":false,"InheritanceHash":""},{"PrincipalSID":"S-1-5-21-3432610366-2163336488-3604236847-512","PrincipalType":"Group","RightName":"WriteDacl","IsInherited":false,"InheritanceHash":""},{"PrincipalSID":"S-1-5-21-3432610366-2163336488-3604236847-519","PrincipalType":"Group","RightName":"GenericWrite","IsInherited":false,"InheritanceHash":""},{"PrincipalSID":"S-1-5-21-3432610366-2163336488-3604236847-519","PrincipalType":"Group","RightName":"WriteOwner","IsInherited":false,"InheritanceHash":""},{"PrincipalSID":"S-1-5-21-3432610366-2163336488-3604236847-519","PrincipalType":"Group","RightName":"WriteDacl","IsInherited":false,"InheritanceHash":""},{"PrincipalSID":"DARKCORP.HTB-S-1-5-32-544","PrincipalType":"Group","RightName":"GenericWrite","IsInherited":false,"InheritanceHash":""},{"PrincipalSID":"DARKCORP.HTB-S-1-5-32-544","PrincipalType":"Group","RightName":"WriteOwner","IsInherited":false,"InheritanceHash":""},{"PrincipalSID":"DARKCORP.HTB-S-1-5-32-544","PrincipalType":"Group","RightName":"WriteDacl","IsInherited":false,"InheritanceHash":""}],"ContainedBy":{"ObjectIdentifier":"2DD06184-F78C-4BEE-9A6F-6587FDA1AE89","ObjectType":"Container"}},{"ObjectIdentifier":"S-1-5-21-3432610366-2163336488-3604236847-519","IsDeleted":false,"IsACLProtected":false,"Properties":{"domain":"DARKCORP.HTB","name":"ENTERPRISE ADMINS@DARKCORP.HTB","distinguishedname":"CN=ENTERPRISE ADMINS,CN=USERS,DC=DARKCORP,DC=HTB","domainsid":"S-1-5-21-3432610366-2163336488-3604236847","isaclprotected":false,"highvalue":true,"samaccountname":"Enterprise Admins","description":"Designated administrators of the enterprise","whencreated":1735514945,"admincount":true},"Members":[{"ObjectIdentifier":"S-1-5-21-3432610366-2163336488-3604236847-500","ObjectType":"User"}],"Aces":[{"PrincipalSID":"S-1-5-21-3432610366-2163336488-3604236847-512","PrincipalType":"Group","RightName":"Owns","IsInherited":false,"InheritanceHash":""},{"PrincipalSID":"S-1-5-21-3432610366-2163336488-3604236847-512","PrincipalType":"Group","RightName":"GenericWrite","IsInherited":false,"InheritanceHash":""},{"PrincipalSID":"S-1-5-21-3432610366-2163336488-3604236847-512","PrincipalType":"Group","RightName":"WriteOwner","IsInherited":false,"InheritanceHash":""},{"PrincipalSID":"S-1-5-21-3432610366-2163336488-3604236847-512","PrincipalType":"Group","RightName":"WriteDacl","IsInherited":false,"InheritanceHash":""},{"PrincipalSID":"S-1-5-21-3432610366-2163336488-3604236847-519","PrincipalType":"Group","RightName":"GenericWrite","IsInherited":false,"InheritanceHash":""},{"PrincipalSID":"S-1-5-21-3432610366-2163336488-3604236847-519","PrincipalType":"Group","RightName":"WriteOwner","IsInherited":false,"InheritanceHash":""},{"PrincipalSID":"S-1-5-21-3432610366-2163336488-3604236847-519","PrincipalType":"Group","RightName":"WriteDacl","IsInherited":false,"InheritanceHash":""},{"PrincipalSID":"DARKCORP.HTB-S-1-5-32-544","PrincipalType":"Group","RightName":"GenericWrite","IsInherited":false,"InheritanceHash":""},{"PrincipalSID":"DARKCORP.HTB-S-1-5-32-544","PrincipalType":"Group","RightName":"WriteOwner","IsInherited":false,"InheritanceHash":""},{"PrincipalSID":"DARKCORP.HTB-S-1-5-32-544","PrincipalType":"Group","RightName":"WriteDacl","IsInherited":false,"InheritanceHash":""}],"ContainedBy":{"ObjectIdentifier":"2DD06184-F78C-4BEE-9A6F-6587FDA1AE89","ObjectType":"Container"}},{"ObjectIdentifier":"S-1-5-21-3432610366-2163336488-3604236847-517","IsDeleted":false,"IsACLProtected":false,"Properties":{"domain":"DARKCORP.HTB","name":"CERT PUBLISHERS@DARKCORP.HTB","distinguishedname":"CN=CERT PUBLISHERS,CN=USERS,DC=DARKCORP,DC=HTB","domainsid":"S-1-5-21-3432610366-2163336488-3604236847","isaclprotected":false,"highvalue":false,"samaccountname":"Cert Publishers","description":"Members of this group are permitted to publish certificates to the directory","whencreated":1735514945,"admincount":false},"Members":[{"ObjectIdentifier":"S-1-5-21-3432610366-2163336488-3604236847-1000","ObjectType":"Computer"}],"Aces":[{"PrincipalSID":"S-1-5-21-3432610366-2163336488-3604236847-512","PrincipalType":"Group","RightName":"Owns","IsInherited":false,"InheritanceHash":""},{"PrincipalSID":"S-1-5-21-3432610366-2163336488-3604236847-512","PrincipalType":"Group","RightName":"GenericAll","IsInherited":false,"InheritanceHash":""},{"PrincipalSID":"DARKCORP.HTB-S-1-5-32-548","PrincipalType":"Group","RightName":"GenericAll","IsInherited":false,"InheritanceHash":""},{"PrincipalSID":"S-1-5-21-3432610366-2163336488-3604236847-519","PrincipalType":"Group","RightName":"GenericAll","IsInherited":true,"InheritanceHash":""},{"PrincipalSID":"DARKCORP.HTB-S-1-5-32-544","PrincipalType":"Group","RightName":"GenericWrite","IsInherited":true,"InheritanceHash":""},{"PrincipalSID":"DARKCORP.HTB-S-1-5-32-544","PrincipalType":"Group","RightName":"WriteOwner","IsInherited":true,"InheritanceHash":""},{"PrincipalSID":"DARKCORP.HTB-S-1-5-32-544","PrincipalType":"Group","RightName":"WriteDacl","IsInherited":true,"InheritanceHash":""}],"ContainedBy":{"ObjectIdentifier":"2DD06184-F78C-4BEE-9A6F-6587FDA1AE89","ObjectType":"Container"}},{"ObjectIdentifier":"S-1-5-21-3432610366-2163336488-3604236847-512","IsDeleted":false,"IsACLProtected":false,"Properties":{"domain":"DARKCORP.HTB","name":"DOMAIN ADMINS@DARKCORP.HTB","distinguishedname":"CN=DOMAIN ADMINS,CN=USERS,DC=DARKCORP,DC=HTB","domainsid":"S-1-5-21-3432610366-2163336488-3604236847","isaclprotected":false,"highvalue":true,"samaccountname":"Domain Admins","description":"Designated administrators of the domain","whencreated":1735514945,"admincount":true},"Members":[{"ObjectIdentifier":"S-1-5-21-3432610366-2163336488-3604236847-500","ObjectType":"User"}],"Aces":[{"PrincipalSID":"S-1-5-21-3432610366-2163336488-3604236847-512","PrincipalType":"Group","RightName":"Owns","IsInherited":false,"InheritanceHash":""},{"PrincipalSID":"S-1-5-21-3432610366-2163336488-3604236847-512","PrincipalType":"Group","RightName":"GenericWrite","IsInherited":false,"InheritanceHash":""},{"PrincipalSID":"S-1-5-21-3432610366-2163336488-3604236847-512","PrincipalType":"Group","RightName":"WriteOwner","IsInherited":false,"InheritanceHash":""},{"PrincipalSID":"S-1-5-21-3432610366-2163336488-3604236847-512","PrincipalType":"Group","RightName":"WriteDacl","IsInherited":false,"InheritanceHash":""},{"PrincipalSID":"S-1-5-21-3432610366-2163336488-3604236847-519","PrincipalType":"Group","RightName":"GenericWrite","IsInherited":false,"InheritanceHash":""},{"PrincipalSID":"S-1-5-21-3432610366-2163336488-3604236847-519","PrincipalType":"Group","RightName":"WriteOwner","IsInherited":false,"InheritanceHash":""},{"PrincipalSID":"S-1-5-21-3432610366-2163336488-3604236847-519","PrincipalType":"Group","RightName":"WriteDacl","IsInherited":false,"InheritanceHash":""},{"PrincipalSID":"DARKCORP.HTB-S-1-5-32-544","PrincipalType":"Group","RightName":"GenericWrite","IsInherited":false,"InheritanceHash":""},{"PrincipalSID":"DARKCORP.HTB-S-1-5-32-544","PrincipalType":"Group","RightName":"WriteOwner","IsInherited":false,"InheritanceHash":""},{"PrincipalSID":"DARKCORP.HTB-S-1-5-32-544","PrincipalType":"Group","RightName":"WriteDacl","IsInherited":false,"InheritanceHash":""}],"ContainedBy":{"ObjectIdentifier":"2DD06184-F78C-4BEE-9A6F-6587FDA1AE89","ObjectType":"Container"}},{"ObjectIdentifier":"S-1-5-21-3432610366-2163336488-3604236847-513","IsDeleted":false,"IsACLProtected":false,"Properties":{"domain":"DARKCORP.HTB","name":"DOMAIN USERS@DARKCORP.HTB","distinguishedname":"CN=DOMAIN USERS,CN=USERS,DC=DARKCORP,DC=HTB","domainsid":"S-1-5-21-3432610366-2163336488-3604236847","isaclprotected":false,"highvalue":false,"samaccountname":"Domain Users","description":"All domain users","whencreated":1735514945,"admincount":false},"Members":[],"Aces":[{"PrincipalSID":"S-1-5-21-3432610366-2163336488-3604236847-512","PrincipalType":"Group","RightName":"Owns","IsInherited":false,"InheritanceHash":""},{"PrincipalSID":"S-1-5-21-3432610366-2163336488-3604236847-512","PrincipalType":"Group","RightName":"GenericAll","IsInherited":false,"InheritanceHash":""},{"PrincipalSID":"DARKCORP.HTB-S-1-5-32-548","PrincipalType":"Group","RightName":"GenericAll","IsInherited":false,"InheritanceHash":""},{"PrincipalSID":"S-1-5-21-3432610366-2163336488-3604236847-519","PrincipalType":"Group","RightName":"GenericAll","IsInherited":true,"InheritanceHash":""},{"PrincipalSID":"DARKCORP.HTB-S-1-5-32-544","PrincipalType":"Group","RightName":"GenericWrite","IsInherited":true,"InheritanceHash":""},{"PrincipalSID":"DARKCORP.HTB-S-1-5-32-544","PrincipalType":"Group","RightName":"WriteOwner","IsInherited":true,"InheritanceHash":""},{"PrincipalSID":"DARKCORP.HTB-S-1-5-32-544","PrincipalType":"Group","RightName":"WriteDacl","IsInherited":true,"InheritanceHash":""}],"ContainedBy":{"ObjectIdentifier":"2DD06184-F78C-4BEE-9A6F-6587FDA1AE89","ObjectType":"Container"}},{"ObjectIdentifier":"S-1-5-21-3432610366-2163336488-3604236847-514","IsDeleted":false,"IsACLProtected":false,"Properties":{"domain":"DARKCORP.HTB","name":"DOMAIN GUESTS@DARKCORP.HTB","distinguishedname":"CN=DOMAIN GUESTS,CN=USERS,DC=DARKCORP,DC=HTB","domainsid":"S-1-5-21-3432610366-2163336488-3604236847","isaclprotected":false,"highvalue":false,"samaccountname":"Domain Guests","description":"All domain guests","whencreated":1735514945,"admincount":false},"Members":[],"Aces":[{"PrincipalSID":"S-1-5-21-3432610366-2163336488-3604236847-512","PrincipalType":"Group","RightName":"Owns","IsInherited":false,"InheritanceHash":""},{"PrincipalSID":"S-1-5-21-3432610366-2163336488-3604236847-512","PrincipalType":"Group","RightName":"GenericAll","IsInherited":false,"InheritanceHash":""},{"PrincipalSID":"DARKCORP.HTB-S-1-5-32-548","PrincipalType":"Group","RightName":"GenericAll","IsInherited":false,"InheritanceHash":""},{"PrincipalSID":"S-1-5-21-3432610366-2163336488-3604236847-519","PrincipalType":"Group","RightName":"GenericAll","IsInherited":true,"InheritanceHash":""},{"PrincipalSID":"DARKCORP.HTB-S-1-5-32-544","PrincipalType":"Group","RightName":"GenericWrite","IsInherited":true,"InheritanceHash":""},{"PrincipalSID":"DARKCORP.HTB-S-1-5-32-544","PrincipalType":"Group","RightName":"WriteOwner","IsInherited":true,"InheritanceHash":""},{"PrincipalSID":"DARKCORP.HTB-S-1-5-32-544","PrincipalType":"Group","RightName":"WriteDacl","IsInherited":true,"InheritanceHash":""}],"ContainedBy":{"ObjectIdentifier":"2DD06184-F78C-4BEE-9A6F-6587FDA1AE89","ObjectType":"Container"}},{"ObjectIdentifier":"S-1-5-21-3432610366-2163336488-3604236847-520","IsDeleted":false,"IsACLProtected":false,"Properties":{"domain":"DARKCORP.HTB","name":"GROUP POLICY CREATOR OWNERS@DARKCORP.HTB","distinguishedname":"CN=GROUP POLICY CREATOR OWNERS,CN=USERS,DC=DARKCORP,DC=HTB","domainsid":"S-1-5-21-3432610366-2163336488-3604236847","isaclprotected":false,"highvalue":true,"samaccountname":"Group Policy Creator Owners","description":"Members in this group can modify group policy for the domain","whencreated":1735514945,"admincount":false},"Members":[{"ObjectIdentifier":"S-1-5-21-3432610366-2163336488-3604236847-500","ObjectType":"User"}],"Aces":[{"PrincipalSID":"S-1-5-21-3432610366-2163336488-3604236847-512","PrincipalType":"Group","RightName":"Owns","IsInherited":false,"InheritanceHash":""},{"PrincipalSID":"S-1-5-21-3432610366-2163336488-3604236847-512","PrincipalType":"Group","RightName":"GenericAll","IsInherited":false,"InheritanceHash":""},{"PrincipalSID":"DARKCORP.HTB-S-1-5-32-548","PrincipalType":"Group","RightName":"GenericAll","IsInherited":false,"InheritanceHash":""},{"PrincipalSID":"S-1-5-21-3432610366-2163336488-3604236847-519","PrincipalType":"Group","RightName":"GenericAll","IsInherited":true,"InheritanceHash":""},{"PrincipalSID":"DARKCORP.HTB-S-1-5-32-544","PrincipalType":"Group","RightName":"GenericWrite","IsInherited":true,"InheritanceHash":""},{"PrincipalSID":"DARKCORP.HTB-S-1-5-32-544","PrincipalType":"Group","RightName":"WriteOwner","IsInherited":true,"InheritanceHash":""},{"PrincipalSID":"DARKCORP.HTB-S-1-5-32-544","PrincipalType":"Group","RightName":"WriteDacl","IsInherited":true,"InheritanceHash":""}],"ContainedBy":{"ObjectIdentifier":"2DD06184-F78C-4BEE-9A6F-6587FDA1AE89","ObjectType":"Container"}},{"ObjectIdentifier":"S-1-5-21-3432610366-2163336488-3604236847-553","IsDeleted":false,"IsACLProtected":false,"Properties":{"domain":"DARKCORP.HTB","name":"RAS AND IAS SERVERS@DARKCORP.HTB","distinguishedname":"CN=RAS AND IAS SERVERS,CN=USERS,DC=DARKCORP,DC=HTB","domainsid":"S-1-5-21-3432610366-2163336488-3604236847","isaclprotected":false,"highvalue":false,"samaccountname":"RAS and IAS Servers","description":"Servers in this group can access remote access properties of users","whencreated":1735514945,"admincount":false},"Members":[],"Aces":[{"PrincipalSID":"S-1-5-21-3432610366-2163336488-3604236847-512","PrincipalType":"Group","RightName":"Owns","IsInherited":false,"InheritanceHash":""},{"PrincipalSID":"S-1-5-21-3432610366-2163336488-3604236847-512","PrincipalType":"Group","RightName":"GenericAll","IsInherited":false,"InheritanceHash":""},{"PrincipalSID":"DARKCORP.HTB-S-1-5-32-548","PrincipalType":"Group","RightName":"GenericAll","IsInherited":false,"InheritanceHash":""},{"PrincipalSID":"S-1-5-21-3432610366-2163336488-3604236847-519","PrincipalType":"Group","RightName":"GenericAll","IsInherited":true,"InheritanceHash":""},{"PrincipalSID":"DARKCORP.HTB-S-1-5-32-544","PrincipalType":"Group","RightName":"GenericWrite","IsInherited":true,"InheritanceHash":""},{"PrincipalSID":"DARKCORP.HTB-S-1-5-32-544","PrincipalType":"Group","RightName":"WriteOwner","IsInherited":true,"InheritanceHash":""},{"PrincipalSID":"DARKCORP.HTB-S-1-5-32-544","PrincipalType":"Group","RightName":"WriteDacl","IsInherited":true,"InheritanceHash":""}],"ContainedBy":{"ObjectIdentifier":"2DD06184-F78C-4BEE-9A6F-6587FDA1AE89","ObjectType":"Container"}},{"ObjectIdentifier":"DARKCORP.HTB-S-1-5-32-549","IsDeleted":false,"IsACLProtected":false,"Properties":{"domain":"DARKCORP.HTB","name":"SERVER OPERATORS@DARKCORP.HTB","distinguishedname":"CN=SERVER OPERATORS,CN=BUILTIN,DC=DARKCORP,DC=HTB","domainsid":"S-1-5-21-3432610366-2163336488-3604236847","isaclprotected":false,"highvalue":true,"samaccountname":"Server Operators","description":"Members can administer domain servers","whencreated":1735514945,"admincount":true},"Members":[],"Aces":[{"PrincipalSID":"S-1-5-21-3432610366-2163336488-3604236847-512","PrincipalType":"Group","RightName":"Owns","IsInherited":false,"InheritanceHash":""},{"PrincipalSID":"S-1-5-21-3432610366-2163336488-3604236847-512","PrincipalType":"Group","RightName":"GenericWrite","IsInherited":false,"InheritanceHash":""},{"PrincipalSID":"S-1-5-21-3432610366-2163336488-3604236847-512","PrincipalType":"Group","RightName":"WriteOwner","IsInherited":false,"InheritanceHash":""},{"PrincipalSID":"S-1-5-21-3432610366-2163336488-3604236847-512","PrincipalType":"Group","RightName":"WriteDacl","IsInherited":false,"InheritanceHash":""},{"PrincipalSID":"S-1-5-21-3432610366-2163336488-3604236847-519","PrincipalType":"Group","RightName":"GenericWrite","IsInherited":false,"InheritanceHash":""},{"PrincipalSID":"S-1-5-21-3432610366-2163336488-3604236847-519","PrincipalType":"Group","RightName":"WriteOwner","IsInherited":false,"InheritanceHash":""},{"PrincipalSID":"S-1-5-21-3432610366-2163336488-3604236847-519","PrincipalType":"Group","RightName":"WriteDacl","IsInherited":false,"InheritanceHash":""},{"PrincipalSID":"DARKCORP.HTB-S-1-5-32-544","PrincipalType":"Group","RightName":"GenericWrite","IsInherited":false,"InheritanceHash":""},{"PrincipalSID":"DARKCORP.HTB-S-1-5-32-544","PrincipalType":"Group","RightName":"WriteOwner","IsInherited":false,"InheritanceHash":""},{"PrincipalSID":"DARKCORP.HTB-S-1-5-32-544","PrincipalType":"Group","RightName":"WriteDacl","IsInherited":false,"InheritanceHash":""}],"ContainedBy":null},{"ObjectIdentifier":"DARKCORP.HTB-S-1-5-32-548","IsDeleted":false,"IsACLProtected":false,"Properties":{"domain":"DARKCORP.HTB","name":"ACCOUNT OPERATORS@DARKCORP.HTB","distinguishedname":"CN=ACCOUNT OPERATORS,CN=BUILTIN,DC=DARKCORP,DC=HTB","domainsid":"S-1-5-21-3432610366-2163336488-3604236847","isaclprotected":false,"highvalue":true,"samaccountname":"Account Operators","description":"Members can administer domain user and group accounts","whencreated":1735514945,"admincount":true},"Members":[],"Aces":[{"PrincipalSID":"S-1-5-21-3432610366-2163336488-3604236847-512","PrincipalType":"Group","RightName":"Owns","IsInherited":false,"InheritanceHash":""},{"PrincipalSID":"S-1-5-21-3432610366-2163336488-3604236847-512","PrincipalType":"Group","RightName":"GenericWrite","IsInherited":false,"InheritanceHash":""},{"PrincipalSID":"S-1-5-21-3432610366-2163336488-3604236847-512","PrincipalType":"Group","RightName":"WriteOwner","IsInherited":false,"InheritanceHash":""},{"PrincipalSID":"S-1-5-21-3432610366-2163336488-3604236847-512","PrincipalType":"Group","RightName":"WriteDacl","IsInherited":false,"InheritanceHash":""},{"PrincipalSID":"S-1-5-21-3432610366-2163336488-3604236847-519","PrincipalType":"Group","RightName":"GenericWrite","IsInherited":false,"InheritanceHash":""},{"PrincipalSID":"S-1-5-21-3432610366-2163336488-3604236847-519","PrincipalType":"Group","RightName":"WriteOwner","IsInherited":false,"InheritanceHash":""},{"PrincipalSID":"S-1-5-21-3432610366-2163336488-3604236847-519","PrincipalType":"Group","RightName":"WriteDacl","IsInherited":false,"InheritanceHash":""},{"PrincipalSID":"DARKCORP.HTB-S-1-5-32-544","PrincipalType":"Group","RightName":"GenericWrite","IsInherited":false,"InheritanceHash":""},{"PrincipalSID":"DARKCORP.HTB-S-1-5-32-544","PrincipalType":"Group","RightName":"WriteOwner","IsInherited":false,"InheritanceHash":""},{"PrincipalSID":"DARKCORP.HTB-S-1-5-32-544","PrincipalType":"Group","RightName":"WriteDacl","IsInherited":false,"InheritanceHash":""}],"ContainedBy":null},{"ObjectIdentifier":"DARKCORP.HTB-S-1-5-32-554","IsDeleted":false,"IsACLProtected":false,"Properties":{"domain":"DARKCORP.HTB","name":"PRE-WINDOWS 2000 COMPATIBLE ACCESS@DARKCORP.HTB","distinguishedname":"CN=PRE-WINDOWS 2000 COMPATIBLE ACCESS,CN=BUILTIN,DC=DARKCORP,DC=HTB","domainsid":"S-1-5-21-3432610366-2163336488-3604236847","isaclprotected":false,"highvalue":false,"samaccountname":"Pre-Windows 2000 Compatible Access","description":"A backward compatibility group which allows read access on all users and groups in the domain","whencreated":1735514945,"admincount":false},"Members":[{"ObjectIdentifier":"S-1-5-21-3432610366-2163336488-3604236847-1000","ObjectType":"Computer"},{"ObjectIdentifier":"DARKCORP.HTB-S-1-5-11","ObjectType":"Group"}],"Aces":[{"PrincipalSID":"S-1-5-21-3432610366-2163336488-3604236847-512","PrincipalType":"Group","RightName":"Owns","IsInherited":false,"InheritanceHash":""},{"PrincipalSID":"S-1-5-21-3432610366-2163336488-3604236847-512","PrincipalType":"Group","RightName":"GenericAll","IsInherited":false,"InheritanceHash":""},{"PrincipalSID":"DARKCORP.HTB-S-1-5-32-548","PrincipalType":"Group","RightName":"GenericAll","IsInherited":false,"InheritanceHash":""},{"PrincipalSID":"S-1-5-21-3432610366-2163336488-3604236847-519","PrincipalType":"Group","RightName":"GenericAll","IsInherited":true,"InheritanceHash":""},{"PrincipalSID":"DARKCORP.HTB-S-1-5-32-544","PrincipalType":"Group","RightName":"GenericWrite","IsInherited":true,"InheritanceHash":""},{"PrincipalSID":"DARKCORP.HTB-S-1-5-32-544","PrincipalType":"Group","RightName":"WriteOwner","IsInherited":true,"InheritanceHash":""},{"PrincipalSID":"DARKCORP.HTB-S-1-5-32-544","PrincipalType":"Group","RightName":"WriteDacl","IsInherited":true,"InheritanceHash":""}],"ContainedBy":null},{"ObjectIdentifier":"DARKCORP.HTB-S-1-5-32-557","IsDeleted":false,"IsACLProtected":false,"Properties":{"domain":"DARKCORP.HTB","name":"INCOMING FOREST TRUST BUILDERS@DARKCORP.HTB","distinguishedname":"CN=INCOMING FOREST TRUST BUILDERS,CN=BUILTIN,DC=DARKCORP,DC=HTB","domainsid":"S-1-5-21-3432610366-2163336488-3604236847","isaclprotected":false,"highvalue":false,"samaccountname":"Incoming Forest Trust Builders","description":"Members of this group can create incoming, one-way trusts to this forest","whencreated":1735514945,"admincount":false},"Members":[],"Aces":[{"PrincipalSID":"S-1-5-21-3432610366-2163336488-3604236847-512","PrincipalType":"Group","RightName":"Owns","IsInherited":false,"InheritanceHash":""},{"PrincipalSID":"S-1-5-21-3432610366-2163336488-3604236847-512","PrincipalType":"Group","RightName":"GenericAll","IsInherited":false,"InheritanceHash":""},{"PrincipalSID":"DARKCORP.HTB-S-1-5-32-548","PrincipalType":"Group","RightName":"GenericAll","IsInherited":false,"InheritanceHash":""},{"PrincipalSID":"S-1-5-21-3432610366-2163336488-3604236847-519","PrincipalType":"Group","RightName":"GenericAll","IsInherited":true,"InheritanceHash":""},{"PrincipalSID":"DARKCORP.HTB-S-1-5-32-544","PrincipalType":"Group","RightName":"GenericWrite","IsInherited":true,"InheritanceHash":""},{"PrincipalSID":"DARKCORP.HTB-S-1-5-32-544","PrincipalType":"Group","RightName":"WriteOwner","IsInherited":true,"InheritanceHash":""},{"PrincipalSID":"DARKCORP.HTB-S-1-5-32-544","PrincipalType":"Group","RightName":"WriteDacl","IsInherited":true,"InheritanceHash":""}],"ContainedBy":null},{"ObjectIdentifier":"DARKCORP.HTB-S-1-5-32-560","IsDeleted":false,"IsACLProtected":false,"Properties":{"domain":"DARKCORP.HTB","name":"WINDOWS AUTHORIZATION ACCESS GROUP@DARKCORP.HTB","distinguishedname":"CN=WINDOWS AUTHORIZATION ACCESS GROUP,CN=BUILTIN,DC=DARKCORP,DC=HTB","domainsid":"S-1-5-21-3432610366-2163336488-3604236847","isaclprotected":false,"highvalue":false,"samaccountname":"Windows Authorization Access Group","description":"Members of this group have access to the computed tokenGroupsGlobalAndUniversal attribute on User objects","whencreated":1735514945,"admincount":false},"Members":[{"ObjectIdentifier":"DARKCORP.HTB-S-1-5-9","ObjectType":"Group"}],"Aces":[{"PrincipalSID":"S-1-5-21-3432610366-2163336488-3604236847-512","PrincipalType":"Group","RightName":"Owns","IsInherited":false,"InheritanceHash":""},{"PrincipalSID":"S-1-5-21-3432610366-2163336488-3604236847-512","PrincipalType":"Group","RightName":"GenericAll","IsInherited":false,"InheritanceHash":""},{"PrincipalSID":"DARKCORP.HTB-S-1-5-32-548","PrincipalType":"Group","RightName":"GenericAll","IsInherited":false,"InheritanceHash":""},{"PrincipalSID":"S-1-5-21-3432610366-2163336488-3604236847-519","PrincipalType":"Group","RightName":"GenericAll","IsInherited":true,"InheritanceHash":""},{"PrincipalSID":"DARKCORP.HTB-S-1-5-32-544","PrincipalType":"Group","RightName":"GenericWrite","IsInherited":true,"InheritanceHash":""},{"PrincipalSID":"DARKCORP.HTB-S-1-5-32-544","PrincipalType":"Group","RightName":"WriteOwner","IsInherited":true,"InheritanceHash":""},{"PrincipalSID":"DARKCORP.HTB-S-1-5-32-544","PrincipalType":"Group","RightName":"WriteDacl","IsInherited":true,"InheritanceHash":""}],"ContainedBy":null},{"ObjectIdentifier":"DARKCORP.HTB-S-1-5-32-561","IsDeleted":false,"IsACLProtected":false,"Properties":{"domain":"DARKCORP.HTB","name":"TERMINAL SERVER LICENSE SERVERS@DARKCORP.HTB","distinguishedname":"CN=TERMINAL SERVER LICENSE SERVERS,CN=BUILTIN,DC=DARKCORP,DC=HTB","domainsid":"S-1-5-21-3432610366-2163336488-3604236847","isaclprotected":false,"highvalue":false,"samaccountname":"Terminal Server License Servers","description":"Members of this group can update user accounts in Active Directory with information about license issuance, for the purpose of tracking and reporting TS Per User CAL usage","whencreated":1735514945,"admincount":false},"Members":[],"Aces":[{"PrincipalSID":"S-1-5-21-3432610366-2163336488-3604236847-512","PrincipalType":"Group","RightName":"Owns","IsInherited":false,"InheritanceHash":""},{"PrincipalSID":"S-1-5-21-3432610366-2163336488-3604236847-512","PrincipalType":"Group","RightName":"GenericAll","IsInherited":false,"InheritanceHash":""},{"PrincipalSID":"DARKCORP.HTB-S-1-5-32-548","PrincipalType":"Group","RightName":"GenericAll","IsInherited":false,"InheritanceHash":""},{"PrincipalSID":"S-1-5-21-3432610366-2163336488-3604236847-519","PrincipalType":"Group","RightName":"GenericAll","IsInherited":true,"InheritanceHash":""},{"PrincipalSID":"DARKCORP.HTB-S-1-5-32-544","PrincipalType":"Group","RightName":"GenericWrite","IsInherited":true,"InheritanceHash":""},{"PrincipalSID":"DARKCORP.HTB-S-1-5-32-544","PrincipalType":"Group","RightName":"WriteOwner","IsInherited":true,"InheritanceHash":""},{"PrincipalSID":"DARKCORP.HTB-S-1-5-32-544","PrincipalType":"Group","RightName":"WriteDacl","IsInherited":true,"InheritanceHash":""}],"ContainedBy":null},{"ObjectIdentifier":"S-1-5-21-3432610366-2163336488-3604236847-571","IsDeleted":false,"IsACLProtected":false,"Properties":{"domain":"DARKCORP.HTB","name":"ALLOWED RODC PASSWORD REPLICATION GROUP@DARKCORP.HTB","distinguishedname":"CN=ALLOWED RODC PASSWORD REPLICATION GROUP,CN=USERS,DC=DARKCORP,DC=HTB","domainsid":"S-1-5-21-3432610366-2163336488-3604236847","isaclprotected":false,"highvalue":false,"samaccountname":"Allowed RODC Password Replication Group","description":"Members in this group can have their passwords replicated to all read-only domain controllers in the domain","whencreated":1735514945,"admincount":false},"Members":[],"Aces":[{"PrincipalSID":"S-1-5-21-3432610366-2163336488-3604236847-512","PrincipalType":"Group","RightName":"Owns","IsInherited":false,"InheritanceHash":""},{"PrincipalSID":"S-1-5-21-3432610366-2163336488-3604236847-512","PrincipalType":"Group","RightName":"GenericAll","IsInherited":false,"InheritanceHash":""},{"PrincipalSID":"DARKCORP.HTB-S-1-5-32-548","PrincipalType":"Group","RightName":"GenericAll","IsInherited":false,"InheritanceHash":""},{"PrincipalSID":"S-1-5-21-3432610366-2163336488-3604236847-519","PrincipalType":"Group","RightName":"GenericAll","IsInherited":true,"InheritanceHash":""},{"PrincipalSID":"DARKCORP.HTB-S-1-5-32-544","PrincipalType":"Group","RightName":"GenericWrite","IsInherited":true,"InheritanceHash":""},{"PrincipalSID":"DARKCORP.HTB-S-1-5-32-544","PrincipalType":"Group","RightName":"WriteOwner","IsInherited":true,"InheritanceHash":""},{"PrincipalSID":"DARKCORP.HTB-S-1-5-32-544","PrincipalType":"Group","RightName":"WriteDacl","IsInherited":true,"InheritanceHash":""}],"ContainedBy":{"ObjectIdentifier":"2DD06184-F78C-4BEE-9A6F-6587FDA1AE89","ObjectType":"Container"}},{"ObjectIdentifier":"S-1-5-21-3432610366-2163336488-3604236847-572","IsDeleted":false,"IsACLProtected":false,"Properties":{"domain":"DARKCORP.HTB","name":"DENIED RODC PASSWORD REPLICATION GROUP@DARKCORP.HTB","distinguishedname":"CN=DENIED RODC PASSWORD REPLICATION GROUP,CN=USERS,DC=DARKCORP,DC=HTB","domainsid":"S-1-5-21-3432610366-2163336488-3604236847","isaclprotected":false,"highvalue":false,"samaccountname":"Denied RODC Password Replication Group","description":"Members in this group cannot have their passwords replicated to any read-only domain controllers in the domain","whencreated":1735514945,"admincount":false},"Members":[{"ObjectIdentifier":"S-1-5-21-3432610366-2163336488-3604236847-521","ObjectType":"Group"},{"ObjectIdentifier":"S-1-5-21-3432610366-2163336488-3604236847-520","ObjectType":"Group"},{"ObjectIdentifier":"S-1-5-21-3432610366-2163336488-3604236847-512","ObjectType":"Group"},{"ObjectIdentifier":"S-1-5-21-3432610366-2163336488-3604236847-517","ObjectType":"Group"},{"ObjectIdentifier":"S-1-5-21-3432610366-2163336488-3604236847-519","ObjectType":"Group"},{"ObjectIdentifier":"S-1-5-21-3432610366-2163336488-3604236847-518","ObjectType":"Group"},{"ObjectIdentifier":"S-1-5-21-3432610366-2163336488-3604236847-516","ObjectType":"Group"},{"ObjectIdentifier":"S-1-5-21-3432610366-2163336488-3604236847-502","ObjectType":"User"}],"Aces":[{"PrincipalSID":"S-1-5-21-3432610366-2163336488-3604236847-512","PrincipalType":"Group","RightName":"Owns","IsInherited":false,"InheritanceHash":""},{"PrincipalSID":"S-1-5-21-3432610366-2163336488-3604236847-512","PrincipalType":"Group","RightName":"GenericAll","IsInherited":false,"InheritanceHash":""},{"PrincipalSID":"DARKCORP.HTB-S-1-5-32-548","PrincipalType":"Group","RightName":"GenericAll","IsInherited":false,"InheritanceHash":""},{"PrincipalSID":"S-1-5-21-3432610366-2163336488-3604236847-519","PrincipalType":"Group","RightName":"GenericAll","IsInherited":true,"InheritanceHash":""},{"PrincipalSID":"DARKCORP.HTB-S-1-5-32-544","PrincipalType":"Group","RightName":"GenericWrite","IsInherited":true,"InheritanceHash":""},{"PrincipalSID":"DARKCORP.HTB-S-1-5-32-544","PrincipalType":"Group","RightName":"WriteOwner","IsInherited":true,"InheritanceHash":""},{"PrincipalSID":"DARKCORP.HTB-S-1-5-32-544","PrincipalType":"Group","RightName":"WriteDacl","IsInherited":true,"InheritanceHash":""}],"ContainedBy":{"ObjectIdentifier":"2DD06184-F78C-4BEE-9A6F-6587FDA1AE89","ObjectType":"Container"}},{"ObjectIdentifier":"S-1-5-21-3432610366-2163336488-3604236847-521","IsDeleted":false,"IsACLProtected":false,"Properties":{"domain":"DARKCORP.HTB","name":"READ-ONLY DOMAIN CONTROLLERS@DARKCORP.HTB","distinguishedname":"CN=READ-ONLY DOMAIN CONTROLLERS,CN=USERS,DC=DARKCORP,DC=HTB","domainsid":"S-1-5-21-3432610366-2163336488-3604236847","isaclprotected":false,"highvalue":false,"samaccountname":"Read-only Domain Controllers","description":"Members of this group are Read-Only Domain Controllers in the domain","whencreated":1735514945,"admincount":true},"Members":[],"Aces":[{"PrincipalSID":"S-1-5-21-3432610366-2163336488-3604236847-512","PrincipalType":"Group","RightName":"Owns","IsInherited":false,"InheritanceHash":""},{"PrincipalSID":"S-1-5-21-3432610366-2163336488-3604236847-512","PrincipalType":"Group","RightName":"GenericWrite","IsInherited":false,"InheritanceHash":""},{"PrincipalSID":"S-1-5-21-3432610366-2163336488-3604236847-512","PrincipalType":"Group","RightName":"WriteOwner","IsInherited":false,"InheritanceHash":""},{"PrincipalSID":"S-1-5-21-3432610366-2163336488-3604236847-512","PrincipalType":"Group","RightName":"WriteDacl","IsInherited":false,"InheritanceHash":""},{"PrincipalSID":"S-1-5-21-3432610366-2163336488-3604236847-519","PrincipalType":"Group","RightName":"GenericWrite","IsInherited":false,"InheritanceHash":""},{"PrincipalSID":"S-1-5-21-3432610366-2163336488-3604236847-519","PrincipalType":"Group","RightName":"WriteOwner","IsInherited":false,"InheritanceHash":""},{"PrincipalSID":"S-1-5-21-3432610366-2163336488-3604236847-519","PrincipalType":"Group","RightName":"WriteDacl","IsInherited":false,"InheritanceHash":""},{"PrincipalSID":"DARKCORP.HTB-S-1-5-32-544","PrincipalType":"Group","RightName":"GenericWrite","IsInherited":false,"InheritanceHash":""},{"PrincipalSID":"DARKCORP.HTB-S-1-5-32-544","PrincipalType":"Group","RightName":"WriteOwner","IsInherited":false,"InheritanceHash":""},{"PrincipalSID":"DARKCORP.HTB-S-1-5-32-544","PrincipalType":"Group","RightName":"WriteDacl","IsInherited":false,"InheritanceHash":""}],"ContainedBy":{"ObjectIdentifier":"2DD06184-F78C-4BEE-9A6F-6587FDA1AE89","ObjectType":"Container"}},{"ObjectIdentifier":"S-1-5-21-3432610366-2163336488-3604236847-498","IsDeleted":false,"IsACLProtected":false,"Properties":{"domain":"DARKCORP.HTB","name":"ENTERPRISE READ-ONLY DOMAIN CONTROLLERS@DARKCORP.HTB","distinguishedname":"CN=ENTERPRISE READ-ONLY DOMAIN CONTROLLERS,CN=USERS,DC=DARKCORP,DC=HTB","domainsid":"S-1-5-21-3432610366-2163336488-3604236847","isaclprotected":false,"highvalue":false,"samaccountname":"Enterprise Read-only Domain Controllers","description":"Members of this group are Read-Only Domain Controllers in the enterprise","whencreated":1735514946,"admincount":false},"Members":[],"Aces":[{"PrincipalSID":"S-1-5-21-3432610366-2163336488-3604236847-512","PrincipalType":"Group","RightName":"Owns","IsInherited":false,"InheritanceHash":""},{"PrincipalSID":"S-1-5-21-3432610366-2163336488-3604236847-512","PrincipalType":"Group","RightName":"GenericAll","IsInherited":false,"InheritanceHash":""},{"PrincipalSID":"DARKCORP.HTB-S-1-5-32-548","PrincipalType":"Group","RightName":"GenericAll","IsInherited":false,"InheritanceHash":""},{"PrincipalSID":"S-1-5-21-3432610366-2163336488-3604236847-519","PrincipalType":"Group","RightName":"GenericAll","IsInherited":true,"InheritanceHash":""},{"PrincipalSID":"DARKCORP.HTB-S-1-5-32-544","PrincipalType":"Group","RightName":"GenericWrite","IsInherited":true,"InheritanceHash":""},{"PrincipalSID":"DARKCORP.HTB-S-1-5-32-544","PrincipalType":"Group","RightName":"WriteOwner","IsInherited":true,"InheritanceHash":""},{"PrincipalSID":"DARKCORP.HTB-S-1-5-32-544","PrincipalType":"Group","RightName":"WriteDacl","IsInherited":true,"InheritanceHash":""}],"ContainedBy":{"ObjectIdentifier":"2DD06184-F78C-4BEE-9A6F-6587FDA1AE89","ObjectType":"Container"}},{"ObjectIdentifier":"S-1-5-21-3432610366-2163336488-3604236847-522","IsDeleted":false,"IsACLProtected":false,"Properties":{"domain":"DARKCORP.HTB","name":"CLONEABLE DOMAIN CONTROLLERS@DARKCORP.HTB","distinguishedname":"CN=CLONEABLE DOMAIN CONTROLLERS,CN=USERS,DC=DARKCORP,DC=HTB","domainsid":"S-1-5-21-3432610366-2163336488-3604236847","isaclprotected":false,"highvalue":false,"samaccountname":"Cloneable Domain Controllers","description":"Members of this group that are domain controllers may be cloned.","whencreated":1735514946,"admincount":false},"Members":[],"Aces":[{"PrincipalSID":"S-1-5-21-3432610366-2163336488-3604236847-512","PrincipalType":"Group","RightName":"Owns","IsInherited":false,"InheritanceHash":""},{"PrincipalSID":"S-1-5-21-3432610366-2163336488-3604236847-512","PrincipalType":"Group","RightName":"GenericAll","IsInherited":false,"InheritanceHash":""},{"PrincipalSID":"DARKCORP.HTB-S-1-5-32-548","PrincipalType":"Group","RightName":"GenericAll","IsInherited":false,"InheritanceHash":""},{"PrincipalSID":"S-1-5-21-3432610366-2163336488-3604236847-519","PrincipalType":"Group","RightName":"GenericAll","IsInherited":true,"InheritanceHash":""},{"PrincipalSID":"DARKCORP.HTB-S-1-5-32-544","PrincipalType":"Group","RightName":"GenericWrite","IsInherited":true,"InheritanceHash":""},{"PrincipalSID":"DARKCORP.HTB-S-1-5-32-544","PrincipalType":"Group","RightName":"WriteOwner","IsInherited":true,"InheritanceHash":""},{"PrincipalSID":"DARKCORP.HTB-S-1-5-32-544","PrincipalType":"Group","RightName":"WriteDacl","IsInherited":true,"InheritanceHash":""}],"ContainedBy":{"ObjectIdentifier":"2DD06184-F78C-4BEE-9A6F-6587FDA1AE89","ObjectType":"Container"}},{"ObjectIdentifier":"S-1-5-21-3432610366-2163336488-3604236847-525","IsDeleted":false,"IsACLProtected":false,"Properties":{"domain":"DARKCORP.HTB","name":"PROTECTED USERS@DARKCORP.HTB","distinguishedname":"CN=PROTECTED USERS,CN=USERS,DC=DARKCORP,DC=HTB","domainsid":"S-1-5-21-3432610366-2163336488-3604236847","isaclprotected":false,"highvalue":false,"samaccountname":"Protected Users","description":"Members of this group are afforded additional protections against authentication security threats. See http://go.microsoft.com/fwlink/?LinkId=298939 for more information.","whencreated":1735514946,"admincount":false},"Members":[],"Aces":[{"PrincipalSID":"S-1-5-21-3432610366-2163336488-3604236847-512","PrincipalType":"Group","RightName":"Owns","IsInherited":false,"InheritanceHash":""},{"PrincipalSID":"S-1-5-21-3432610366-2163336488-3604236847-512","PrincipalType":"Group","RightName":"GenericAll","IsInherited":false,"InheritanceHash":""},{"PrincipalSID":"DARKCORP.HTB-S-1-5-32-548","PrincipalType":"Group","RightName":"GenericAll","IsInherited":false,"InheritanceHash":""},{"PrincipalSID":"S-1-5-21-3432610366-2163336488-3604236847-519","PrincipalType":"Group","RightName":"GenericAll","IsInherited":true,"InheritanceHash":""},{"PrincipalSID":"DARKCORP.HTB-S-1-5-32-544","PrincipalType":"Group","RightName":"GenericWrite","IsInherited":true,"InheritanceHash":""},{"PrincipalSID":"DARKCORP.HTB-S-1-5-32-544","PrincipalType":"Group","RightName":"WriteOwner","IsInherited":true,"InheritanceHash":""},{"PrincipalSID":"DARKCORP.HTB-S-1-5-32-544","PrincipalType":"Group","RightName":"WriteDacl","IsInherited":true,"InheritanceHash":""}],"ContainedBy":{"ObjectIdentifier":"2DD06184-F78C-4BEE-9A6F-6587FDA1AE89","ObjectType":"Container"}},{"ObjectIdentifier":"S-1-5-21-3432610366-2163336488-3604236847-526","IsDeleted":false,"IsACLProtected":false,"Properties":{"domain":"DARKCORP.HTB","name":"KEY ADMINS@DARKCORP.HTB","distinguishedname":"CN=KEY ADMINS,CN=USERS,DC=DARKCORP,DC=HTB","domainsid":"S-1-5-21-3432610366-2163336488-3604236847","isaclprotected":false,"highvalue":false,"samaccountname":"Key Admins","description":"Members of this group can perform administrative actions on key objects within the domain.","whencreated":1735514946,"admincount":true},"Members":[],"Aces":[{"PrincipalSID":"S-1-5-21-3432610366-2163336488-3604236847-512","PrincipalType":"Group","RightName":"Owns","IsInherited":false,"InheritanceHash":""},{"PrincipalSID":"S-1-5-21-3432610366-2163336488-3604236847-512","PrincipalType":"Group","RightName":"GenericWrite","IsInherited":false,"InheritanceHash":""},{"PrincipalSID":"S-1-5-21-3432610366-2163336488-3604236847-512","PrincipalType":"Group","RightName":"WriteOwner","IsInherited":false,"InheritanceHash":""},{"PrincipalSID":"S-1-5-21-3432610366-2163336488-3604236847-512","PrincipalType":"Group","RightName":"WriteDacl","IsInherited":false,"InheritanceHash":""},{"PrincipalSID":"S-1-5-21-3432610366-2163336488-3604236847-519","PrincipalType":"Group","RightName":"GenericWrite","IsInherited":false,"InheritanceHash":""},{"PrincipalSID":"S-1-5-21-3432610366-2163336488-3604236847-519","PrincipalType":"Group","RightName":"WriteOwner","IsInherited":false,"InheritanceHash":""},{"PrincipalSID":"S-1-5-21-3432610366-2163336488-3604236847-519","PrincipalType":"Group","RightName":"WriteDacl","IsInherited":false,"InheritanceHash":""},{"PrincipalSID":"DARKCORP.HTB-S-1-5-32-544","PrincipalType":"Group","RightName":"GenericWrite","IsInherited":false,"InheritanceHash":""},{"PrincipalSID":"DARKCORP.HTB-S-1-5-32-544","PrincipalType":"Group","RightName":"WriteOwner","IsInherited":false,"InheritanceHash":""},{"PrincipalSID":"DARKCORP.HTB-S-1-5-32-544","PrincipalType":"Group","RightName":"WriteDacl","IsInherited":false,"InheritanceHash":""}],"ContainedBy":{"ObjectIdentifier":"2DD06184-F78C-4BEE-9A6F-6587FDA1AE89","ObjectType":"Container"}},{"ObjectIdentifier":"S-1-5-21-3432610366-2163336488-3604236847-527","IsDeleted":false,"IsACLProtected":false,"Properties":{"domain":"DARKCORP.HTB","name":"ENTERPRISE KEY ADMINS@DARKCORP.HTB","distinguishedname":"CN=ENTERPRISE KEY ADMINS,CN=USERS,DC=DARKCORP,DC=HTB","domainsid":"S-1-5-21-3432610366-2163336488-3604236847","isaclprotected":false,"highvalue":false,"samaccountname":"Enterprise Key Admins","description":"Members of this group can perform administrative actions on key objects within the forest.","whencreated":1735514946,"admincount":true},"Members":[],"Aces":[{"PrincipalSID":"S-1-5-21-3432610366-2163336488-3604236847-512","PrincipalType":"Group","RightName":"Owns","IsInherited":false,"InheritanceHash":""},{"PrincipalSID":"S-1-5-21-3432610366-2163336488-3604236847-512","PrincipalType":"Group","RightName":"GenericWrite","IsInherited":false,"InheritanceHash":""},{"PrincipalSID":"S-1-5-21-3432610366-2163336488-3604236847-512","PrincipalType":"Group","RightName":"WriteOwner","IsInherited":false,"InheritanceHash":""},{"PrincipalSID":"S-1-5-21-3432610366-2163336488-3604236847-512","PrincipalType":"Group","RightName":"WriteDacl","IsInherited":false,"InheritanceHash":""},{"PrincipalSID":"S-1-5-21-3432610366-2163336488-3604236847-519","PrincipalType":"Group","RightName":"GenericWrite","IsInherited":false,"InheritanceHash":""},{"PrincipalSID":"S-1-5-21-3432610366-2163336488-3604236847-519","PrincipalType":"Group","RightName":"WriteOwner","IsInherited":false,"InheritanceHash":""},{"PrincipalSID":"S-1-5-21-3432610366-2163336488-3604236847-519","PrincipalType":"Group","RightName":"WriteDacl","IsInherited":false,"InheritanceHash":""},{"PrincipalSID":"DARKCORP.HTB-S-1-5-32-544","PrincipalType":"Group","RightName":"GenericWrite","IsInherited":false,"InheritanceHash":""},{"PrincipalSID":"DARKCORP.HTB-S-1-5-32-544","PrincipalType":"Group","RightName":"WriteOwner","IsInherited":false,"InheritanceHash":""},{"PrincipalSID":"DARKCORP.HTB-S-1-5-32-544","PrincipalType":"Group","RightName":"WriteDacl","IsInherited":false,"InheritanceHash":""}],"ContainedBy":{"ObjectIdentifier":"2DD06184-F78C-4BEE-9A6F-6587FDA1AE89","ObjectType":"Container"}},{"ObjectIdentifier":"S-1-5-21-3432610366-2163336488-3604236847-1101","IsDeleted":false,"IsACLProtected":false,"Properties":{"domain":"DARKCORP.HTB","name":"DNSADMINS@DARKCORP.HTB","distinguishedname":"CN=DNSADMINS,CN=USERS,DC=DARKCORP,DC=HTB","domainsid":"S-1-5-21-3432610366-2163336488-3604236847","isaclprotected":false,"highvalue":false,"samaccountname":"DnsAdmins","description":"DNS Administrators Group","whencreated":1735514985,"admincount":false},"Members":[{"ObjectIdentifier":"S-1-5-21-3432610366-2163336488-3604236847-1104","ObjectType":"User"}],"Aces":[{"PrincipalSID":"DARKCORP.HTB-S-1-5-18","PrincipalType":"Group","RightName":"Owns","IsInherited":false,"InheritanceHash":""},{"PrincipalSID":"S-1-5-21-3432610366-2163336488-3604236847-512","PrincipalType":"Group","RightName":"GenericAll","IsInherited":false,"InheritanceHash":""},{"PrincipalSID":"DARKCORP.HTB-S-1-5-32-548","PrincipalType":"Group","RightName":"GenericAll","IsInherited":false,"InheritanceHash":""},{"PrincipalSID":"S-1-5-21-3432610366-2163336488-3604236847-519","PrincipalType":"Group","RightName":"GenericAll","IsInherited":true,"InheritanceHash":""},{"PrincipalSID":"DARKCORP.HTB-S-1-5-32-544","PrincipalType":"Group","RightName":"GenericWrite","IsInherited":true,"InheritanceHash":""},{"PrincipalSID":"DARKCORP.HTB-S-1-5-32-544","PrincipalType":"Group","RightName":"WriteOwner","IsInherited":true,"InheritanceHash":""},{"PrincipalSID":"DARKCORP.HTB-S-1-5-32-544","PrincipalType":"Group","RightName":"WriteDacl","IsInherited":true,"InheritanceHash":""}],"ContainedBy":{"ObjectIdentifier":"2DD06184-F78C-4BEE-9A6F-6587FDA1AE89","ObjectType":"Container"}},{"ObjectIdentifier":"S-1-5-21-3432610366-2163336488-3604236847-1102","IsDeleted":false,"IsACLProtected":false,"Properties":{"domain":"DARKCORP.HTB","name":"DNSUPDATEPROXY@DARKCORP.HTB","distinguishedname":"CN=DNSUPDATEPROXY,CN=USERS,DC=DARKCORP,DC=HTB","domainsid":"S-1-5-21-3432610366-2163336488-3604236847","isaclprotected":false,"highvalue":false,"samaccountname":"DnsUpdateProxy","description":"DNS clients who are permitted to perform dynamic updates on behalf of some other clients (such as DHCP servers).","whencreated":1735514985,"admincount":false},"Members":[],"Aces":[{"PrincipalSID":"DARKCORP.HTB-S-1-5-18","PrincipalType":"Group","RightName":"Owns","IsInherited":false,"InheritanceHash":""},{"PrincipalSID":"S-1-5-21-3432610366-2163336488-3604236847-512","PrincipalType":"Group","RightName":"GenericAll","IsInherited":false,"InheritanceHash":""},{"PrincipalSID":"DARKCORP.HTB-S-1-5-32-548","PrincipalType":"Group","RightName":"GenericAll","IsInherited":false,"InheritanceHash":""},{"PrincipalSID":"S-1-5-21-3432610366-2163336488-3604236847-519","PrincipalType":"Group","RightName":"GenericAll","IsInherited":true,"InheritanceHash":""},{"PrincipalSID":"DARKCORP.HTB-S-1-5-32-544","PrincipalType":"Group","RightName":"GenericWrite","IsInherited":true,"InheritanceHash":""},{"PrincipalSID":"DARKCORP.HTB-S-1-5-32-544","PrincipalType":"Group","RightName":"WriteOwner","IsInherited":true,"InheritanceHash":""},{"PrincipalSID":"DARKCORP.HTB-S-1-5-32-544","PrincipalType":"Group","RightName":"WriteDacl","IsInherited":true,"InheritanceHash":""}],"ContainedBy":{"ObjectIdentifier":"2DD06184-F78C-4BEE-9A6F-6587FDA1AE89","ObjectType":"Container"}},{"ObjectIdentifier":"S-1-5-21-3432610366-2163336488-3604236847-1109","IsDeleted":false,"IsACLProtected":false,"Properties":{"domain":"DARKCORP.HTB","name":"LINUX_ADMINS@DARKCORP.HTB","distinguishedname":"CN=LINUX_ADMINS,CN=USERS,DC=DARKCORP,DC=HTB","domainsid":"S-1-5-21-3432610366-2163336488-3604236847","isaclprotected":false,"highvalue":false,"samaccountname":"linux_admins","description":"Services Admin Group","whencreated":1735515612,"admincount":false},"Members":[{"ObjectIdentifier":"S-1-5-21-3432610366-2163336488-3604236847-14101","ObjectType":"User"},{"ObjectIdentifier":"S-1-5-21-3432610366-2163336488-3604236847-1107","ObjectType":"User"}],"Aces":[{"PrincipalSID":"S-1-5-21-3432610366-2163336488-3604236847-512","PrincipalType":"Group","RightName":"Owns","IsInherited":false,"InheritanceHash":""},{"PrincipalSID":"S-1-5-21-3432610366-2163336488-3604236847-512","PrincipalType":"Group","RightName":"GenericAll","IsInherited":false,"InheritanceHash":""},{"PrincipalSID":"DARKCORP.HTB-S-1-5-32-548","PrincipalType":"Group","RightName":"GenericAll","IsInherited":false,"InheritanceHash":""},{"PrincipalSID":"S-1-5-21-3432610366-2163336488-3604236847-519","PrincipalType":"Group","RightName":"GenericAll","IsInherited":true,"InheritanceHash":""},{"PrincipalSID":"DARKCORP.HTB-S-1-5-32-544","PrincipalType":"Group","RightName":"GenericWrite","IsInherited":true,"InheritanceHash":""},{"PrincipalSID":"DARKCORP.HTB-S-1-5-32-544","PrincipalType":"Group","RightName":"WriteOwner","IsInherited":true,"InheritanceHash":""},{"PrincipalSID":"DARKCORP.HTB-S-1-5-32-544","PrincipalType":"Group","RightName":"WriteDacl","IsInherited":true,"InheritanceHash":""}],"ContainedBy":{"ObjectIdentifier":"2DD06184-F78C-4BEE-9A6F-6587FDA1AE89","ObjectType":"Container"}},{"ObjectIdentifier":"S-1-5-21-3432610366-2163336488-3604236847-1110","IsDeleted":false,"IsACLProtected":false,"Properties":{"domain":"DARKCORP.HTB","name":"GPO_MANAGER@DARKCORP.HTB","distinguishedname":"CN=GPO_MANAGER,CN=USERS,DC=DARKCORP,DC=HTB","domainsid":"S-1-5-21-3432610366-2163336488-3604236847","isaclprotected":false,"highvalue":false,"samaccountname":"gpo_manager","description":"GPO Management Group","whencreated":1735515612,"admincount":false},"Members":[{"ObjectIdentifier":"S-1-5-21-3432610366-2163336488-3604236847-14101","ObjectType":"User"}],"Aces":[{"PrincipalSID":"S-1-5-21-3432610366-2163336488-3604236847-512","PrincipalType":"Group","RightName":"Owns","IsInherited":false,"InheritanceHash":""},{"PrincipalSID":"S-1-5-21-3432610366-2163336488-3604236847-512","PrincipalType":"Group","RightName":"GenericAll","IsInherited":false,"InheritanceHash":""},{"PrincipalSID":"DARKCORP.HTB-S-1-5-32-548","PrincipalType":"Group","RightName":"GenericAll","IsInherited":false,"InheritanceHash":""},{"PrincipalSID":"S-1-5-21-3432610366-2163336488-3604236847-519","PrincipalType":"Group","RightName":"GenericAll","IsInherited":true,"InheritanceHash":""},{"PrincipalSID":"DARKCORP.HTB-S-1-5-32-544","PrincipalType":"Group","RightName":"GenericWrite","IsInherited":true,"InheritanceHash":""},{"PrincipalSID":"DARKCORP.HTB-S-1-5-32-544","PrincipalType":"Group","RightName":"WriteOwner","IsInherited":true,"InheritanceHash":""},{"PrincipalSID":"DARKCORP.HTB-S-1-5-32-544","PrincipalType":"Group","RightName":"WriteDacl","IsInherited":true,"InheritanceHash":""}],"ContainedBy":{"ObjectIdentifier":"2DD06184-F78C-4BEE-9A6F-6587FDA1AE89","ObjectType":"Container"}},{"ObjectIdentifier":"DARKCORP.HTB-S-1-5-9","IsDeleted":false,"IsACLProtected":false,"Properties":{"domain":"","name":"ENTERPRISE DOMAIN CONTROLLERS@DARKCORP.HTB","distinguishedname":"","domainsid":"","isaclprotected":false,"highvalue":false,"samaccountname":"","description":null,"whencreated":0,"admincount":false},"Members":[{"ObjectIdentifier":"S-1-5-21-3432610366-2163336488-3604236847-1000","ObjectType":"Computer"}],"Aces":[],"ContainedBy":{"ObjectIdentifier":"9226F46E-48A7-4E05-969C-0BF38E9975B0","ObjectType":"Container"}},{"ObjectIdentifier":"DARKCORP.HTB-S-1-5-32-548","IsDeleted":false,"IsACLProtected":false,"Properties":{"domain":"","name":"ACCOUNT OPERATORS@DARKCORP.HTB","distinguishedname":"","domainsid":"","isaclprotected":false,"highvalue":true,"samaccountname":"","description":null,"whencreated":0,"admincount":false},"Members":[],"Aces":[],"ContainedBy":null},{"ObjectIdentifier":"DARKCORP.HTB-S-1-5-32-560","IsDeleted":false,"IsACLProtected":false,"Properties":{"domain":"","name":"WINDOWS AUTHORIZATION ACCESS GROUP@DARKCORP.HTB","distinguishedname":"","domainsid":"","isaclprotected":false,"highvalue":false,"samaccountname":"","description":null,"whencreated":0,"admincount":false},"Members":[],"Aces":[],"ContainedBy":null},{"ObjectIdentifier":"DARKCORP.HTB-S-1-1-0","IsDeleted":false,"IsACLProtected":false,"Properties":{"domain":"","name":"EVERYONE@DARKCORP.HTB","distinguishedname":"","domainsid":"","isaclprotected":false,"highvalue":false,"samaccountname":"","description":null,"whencreated":0,"admincount":false},"Members":[{"ObjectIdentifier":"S-1-5-21-3432610366-2163336488-3604236847-1000-515","ObjectType":"Group"},{"ObjectIdentifier":"S-1-5-21-3432610366-2163336488-3604236847-1000-513","ObjectType":"Group"}],"Aces":[],"ContainedBy":{"ObjectIdentifier":"AF5CEF83-B61E-49EF-8D46-D2BA744F9658","ObjectType":"Container"}},{"ObjectIdentifier":"DARKCORP.HTB-S-1-5-11","IsDeleted":false,"IsACLProtected":false,"Properties":{"domain":"","name":"AUTHENTICATED USERS@DARKCORP.HTB","distinguishedname":"","domainsid":"","isaclprotected":false,"highvalue":false,"samaccountname":"","description":null,"whencreated":0,"admincount":false},"Members":[{"ObjectIdentifier":"S-1-5-21-3432610366-2163336488-3604236847-1000-515","ObjectType":"Group"},{"ObjectIdentifier":"S-1-5-21-3432610366-2163336488-3604236847-1000-513","ObjectType":"Group"}],"Aces":[],"ContainedBy":{"ObjectIdentifier":"AF5CEF83-B61E-49EF-8D46-D2BA744F9658","ObjectType":"Container"}},{"ObjectIdentifier":"DARKCORP.HTB-S-1-5-32-544","IsDeleted":false,"IsACLProtected":false,"Properties":{"domain":"","name":"ADMINISTRATORS@DARKCORP.HTB","distinguishedname":"","domainsid":"","isaclprotected":false,"highvalue":true,"samaccountname":"","description":null,"whencreated":0,"admincount":false},"Members":[],"Aces":[],"ContainedBy":null},{"ObjectIdentifier":"DARKCORP.HTB-S-1-5-32-554","IsDeleted":false,"IsACLProtected":false,"Properties":{"domain":"","name":"PRE-WINDOWS 2000 COMPATIBLE ACCESS@DARKCORP.HTB","distinguishedname":"","domainsid":"","isaclprotected":false,"highvalue":false,"samaccountname":"","description":null,"whencreated":0,"admincount":false},"Members":[],"Aces":[],"ContainedBy":null},{"ObjectIdentifier":"DARKCORP.HTB-S-1-5-4","IsDeleted":false,"IsACLProtected":false,"Properties":{"domain":"","name":"INTERACTIVE@DARKCORP.HTB","distinguishedname":"","domainsid":"","isaclprotected":false,"highvalue":false,"samaccountname":"","description":null,"whencreated":0,"admincount":false},"Members":[],"Aces":[],"ContainedBy":{"ObjectIdentifier":"9226F46E-48A7-4E05-969C-0BF38E9975B0","ObjectType":"Container"}},{"ObjectIdentifier":"DARKCORP.HTB-S-1-5-32-550","IsDeleted":false,"IsACLProtected":false,"Properties":{"domain":"","name":"PRINT OPERATORS@DARKCORP.HTB","distinguishedname":"","domainsid":"","isaclprotected":false,"highvalue":true,"samaccountname":"","description":null,"whencreated":0,"admincount":false},"Members":[],"Aces":[],"ContainedBy":null},{"ObjectIdentifier":"DARKCORP.HTB-S-1-5-32-561","IsDeleted":false,"IsACLProtected":false,"Properties":{"domain":"","name":"TERMINAL SERVER LICENSE SERVERS@DARKCORP.HTB","distinguishedname":"","domainsid":"","isaclprotected":false,"highvalue":false,"samaccountname":"","description":null,"whencreated":0,"admincount":false},"Members":[],"Aces":[],"ContainedBy":null},{"ObjectIdentifier":"DARKCORP.HTB-S-1-5-32-557","IsDeleted":false,"IsACLProtected":false,"Properties":{"domain":"","name":"INCOMING FOREST TRUST BUILDERS@DARKCORP.HTB","distinguishedname":"","domainsid":"","isaclprotected":false,"highvalue":false,"samaccountname":"","description":null,"whencreated":0,"admincount":false},"Members":[],"Aces":[],"ContainedBy":null},{"ObjectIdentifier":"DARKCORP.HTB-S-1-5-15","IsDeleted":false,"IsACLProtected":false,"Properties":{"domain":"","name":"THIS ORGANIZATION@DARKCORP.HTB","distinguishedname":"","domainsid":"","isaclprotected":false,"highvalue":false,"samaccountname":"","description":null,"whencreated":0,"admincount":false},"Members":[],"Aces":[],"ContainedBy":{"ObjectIdentifier":"AF5CEF83-B61E-49EF-8D46-D2BA744F9658","ObjectType":"Container"}}],"meta":{"methods":0,"type":"groups","count":62,"version":6,"collectorversion":"RustHound-CE v2.4.0"}}