{"data":[{"ObjectIdentifier":"S-1-5-21-3432610366-2163336488-3604236847-500","IsDeleted":false,"IsACLProtected":false,"Properties":{"domain":"DARKCORP.HTB","name":"ADMINISTRATOR@DARKCORP.HTB","domainsid":"S-1-5-21-3432610366-2163336488-3604236847","isaclprotected":false,"distinguishedname":"CN=ADMINISTRATOR,CN=USERS,DC=DARKCORP,DC=HTB","highvalue":false,"description":"Built-in account for administering the computer/domain","whencreated":1735514908,"sensitive":false,"dontreqpreauth":false,"passwordnotreqd":false,"unconstraineddelegation":false,"pwdneverexpires":true,"enabled":true,"trustedtoauth":false,"lastlogon":1761242618,"lastlogontimestamp":1761242585,"pwdlastset":1735514745,"serviceprincipalnames":[],"hasspn":false,"displayname":"","email":"","title":"","homedirectory":"","logonscript":"","useraccountcontrol":66048,"samaccountname":"Administrator","userpassword":"","unixpassword":"","unicodepassword":"","sfupassword":"","admincount":true,"supportedencryptiontypes":[],"sidhistory":[],"allowedtodelegate":[]},"PrimaryGroupSID":"S-1-5-21-3432610366-2163336488-3604236847-513","SPNTargets":[],"UnconstrainedDelegation":false,"DomainSID":"S-1-5-21-3432610366-2163336488-3604236847","Aces":[{"PrincipalSID":"S-1-5-21-3432610366-2163336488-3604236847-512","PrincipalType":"Group","RightName":"Owns","IsInherited":false,"InheritanceHash":""},{"PrincipalSID":"S-1-5-21-3432610366-2163336488-3604236847-512","PrincipalType":"Group","RightName":"GenericWrite","IsInherited":false,"InheritanceHash":""},{"PrincipalSID":"S-1-5-21-3432610366-2163336488-3604236847-512","PrincipalType":"Group","RightName":"WriteOwner","IsInherited":false,"InheritanceHash":""},{"PrincipalSID":"S-1-5-21-3432610366-2163336488-3604236847-512","PrincipalType":"Group","RightName":"AllExtendedRights","IsInherited":false,"InheritanceHash":""},{"PrincipalSID":"S-1-5-21-3432610366-2163336488-3604236847-512","PrincipalType":"Group","RightName":"WriteDacl","IsInherited":false,"InheritanceHash":""},{"PrincipalSID":"S-1-5-21-3432610366-2163336488-3604236847-519","PrincipalType":"Group","RightName":"GenericWrite","IsInherited":false,"InheritanceHash":""},{"PrincipalSID":"S-1-5-21-3432610366-2163336488-3604236847-519","PrincipalType":"Group","RightName":"WriteOwner","IsInherited":false,"InheritanceHash":""},{"PrincipalSID":"S-1-5-21-3432610366-2163336488-3604236847-519","PrincipalType":"Group","RightName":"AllExtendedRights","IsInherited":false,"InheritanceHash":""},{"PrincipalSID":"S-1-5-21-3432610366-2163336488-3604236847-519","PrincipalType":"Group","RightName":"WriteDacl","IsInherited":false,"InheritanceHash":""},{"PrincipalSID":"DARKCORP.HTB-S-1-5-32-544","PrincipalType":"Group","RightName":"GenericWrite","IsInherited":false,"InheritanceHash":""},{"PrincipalSID":"DARKCORP.HTB-S-1-5-32-544","PrincipalType":"Group","RightName":"WriteOwner","IsInherited":false,"InheritanceHash":""},{"PrincipalSID":"DARKCORP.HTB-S-1-5-32-544","PrincipalType":"Group","RightName":"AllExtendedRights","IsInherited":false,"InheritanceHash":""},{"PrincipalSID":"DARKCORP.HTB-S-1-5-32-544","PrincipalType":"Group","RightName":"WriteDacl","IsInherited":false,"InheritanceHash":""}],"AllowedToDelegate":[],"HasSIDHistory":[],"ContainedBy":{"ObjectIdentifier":"2DD06184-F78C-4BEE-9A6F-6587FDA1AE89","ObjectType":"Container"}},{"ObjectIdentifier":"S-1-5-21-3432610366-2163336488-3604236847-501","IsDeleted":false,"IsACLProtected":false,"Properties":{"domain":"DARKCORP.HTB","name":"GUEST@DARKCORP.HTB","domainsid":"S-1-5-21-3432610366-2163336488-3604236847","isaclprotected":false,"distinguishedname":"CN=GUEST,CN=USERS,DC=DARKCORP,DC=HTB","highvalue":false,"description":"Built-in account for guest access to the computer/domain","whencreated":1735514908,"sensitive":false,"dontreqpreauth":false,"passwordnotreqd":true,"unconstraineddelegation":false,"pwdneverexpires":true,"enabled":false,"trustedtoauth":false,"lastlogon":0,"lastlogontimestamp":0,"pwdlastset":0,"serviceprincipalnames":[],"hasspn":false,"displayname":"","email":"","title":"","homedirectory":"","logonscript":"","useraccountcontrol":66082,"samaccountname":"Guest","userpassword":"","unixpassword":"","unicodepassword":"","sfupassword":"","admincount":false,"supportedencryptiontypes":[],"sidhistory":[],"allowedtodelegate":[]},"PrimaryGroupSID":"S-1-5-21-3432610366-2163336488-3604236847-514","SPNTargets":[],"UnconstrainedDelegation":false,"DomainSID":"S-1-5-21-3432610366-2163336488-3604236847","Aces":[{"PrincipalSID":"DARKCORP.HTB-S-1-5-32-544","PrincipalType":"Group","RightName":"Owns","IsInherited":false,"InheritanceHash":""},{"PrincipalSID":"S-1-5-21-3432610366-2163336488-3604236847-512","PrincipalType":"Group","RightName":"GenericAll","IsInherited":false,"InheritanceHash":""},{"PrincipalSID":"DARKCORP.HTB-S-1-5-32-548","PrincipalType":"Group","RightName":"GenericAll","IsInherited":false,"InheritanceHash":""},{"PrincipalSID":"S-1-5-21-3432610366-2163336488-3604236847-526","PrincipalType":"Group","RightName":"AddKeyCredentialLink","IsInherited":true,"InheritanceHash":""},{"PrincipalSID":"S-1-5-21-3432610366-2163336488-3604236847-527","PrincipalType":"Group","RightName":"AddKeyCredentialLink","IsInherited":true,"InheritanceHash":""},{"PrincipalSID":"S-1-5-21-3432610366-2163336488-3604236847-519","PrincipalType":"Group","RightName":"GenericAll","IsInherited":true,"InheritanceHash":""},{"PrincipalSID":"DARKCORP.HTB-S-1-5-32-544","PrincipalType":"Group","RightName":"GenericWrite","IsInherited":true,"InheritanceHash":""},{"PrincipalSID":"DARKCORP.HTB-S-1-5-32-544","PrincipalType":"Group","RightName":"WriteOwner","IsInherited":true,"InheritanceHash":""},{"PrincipalSID":"DARKCORP.HTB-S-1-5-32-544","PrincipalType":"Group","RightName":"AllExtendedRights","IsInherited":true,"InheritanceHash":""},{"PrincipalSID":"DARKCORP.HTB-S-1-5-32-544","PrincipalType":"Group","RightName":"WriteDacl","IsInherited":true,"InheritanceHash":""}],"AllowedToDelegate":[],"HasSIDHistory":[],"ContainedBy":{"ObjectIdentifier":"2DD06184-F78C-4BEE-9A6F-6587FDA1AE89","ObjectType":"Container"}},{"ObjectIdentifier":"S-1-5-21-3432610366-2163336488-3604236847-502","IsDeleted":false,"IsACLProtected":false,"Properties":{"domain":"DARKCORP.HTB","name":"KRBTGT@DARKCORP.HTB","domainsid":"S-1-5-21-3432610366-2163336488-3604236847","isaclprotected":false,"distinguishedname":"CN=KRBTGT,CN=USERS,DC=DARKCORP,DC=HTB","highvalue":false,"description":"Key Distribution Center Service Account","whencreated":1735514945,"sensitive":false,"dontreqpreauth":false,"passwordnotreqd":false,"unconstraineddelegation":false,"pwdneverexpires":false,"enabled":false,"trustedtoauth":false,"lastlogon":0,"lastlogontimestamp":0,"pwdlastset":1735514945,"serviceprincipalnames":["kadmin/changepw"],"hasspn":true,"displayname":"","email":"","title":"","homedirectory":"","logonscript":"","useraccountcontrol":514,"samaccountname":"krbtgt","userpassword":"","unixpassword":"","unicodepassword":"","sfupassword":"","admincount":true,"supportedencryptiontypes":["Not defined"],"sidhistory":[],"allowedtodelegate":[]},"PrimaryGroupSID":"S-1-5-21-3432610366-2163336488-3604236847-513","SPNTargets":[],"UnconstrainedDelegation":false,"DomainSID":"S-1-5-21-3432610366-2163336488-3604236847","Aces":[{"PrincipalSID":"S-1-5-21-3432610366-2163336488-3604236847-512","PrincipalType":"Group","RightName":"Owns","IsInherited":false,"InheritanceHash":""},{"PrincipalSID":"S-1-5-21-3432610366-2163336488-3604236847-512","PrincipalType":"Group","RightName":"GenericWrite","IsInherited":false,"InheritanceHash":""},{"PrincipalSID":"S-1-5-21-3432610366-2163336488-3604236847-512","PrincipalType":"Group","RightName":"WriteOwner","IsInherited":false,"InheritanceHash":""},{"PrincipalSID":"S-1-5-21-3432610366-2163336488-3604236847-512","PrincipalType":"Group","RightName":"AllExtendedRights","IsInherited":false,"InheritanceHash":""},{"PrincipalSID":"S-1-5-21-3432610366-2163336488-3604236847-512","PrincipalType":"Group","RightName":"WriteDacl","IsInherited":false,"InheritanceHash":""},{"PrincipalSID":"S-1-5-21-3432610366-2163336488-3604236847-519","PrincipalType":"Group","RightName":"GenericWrite","IsInherited":false,"InheritanceHash":""},{"PrincipalSID":"S-1-5-21-3432610366-2163336488-3604236847-519","PrincipalType":"Group","RightName":"WriteOwner","IsInherited":false,"InheritanceHash":""},{"PrincipalSID":"S-1-5-21-3432610366-2163336488-3604236847-519","PrincipalType":"Group","RightName":"AllExtendedRights","IsInherited":false,"InheritanceHash":""},{"PrincipalSID":"S-1-5-21-3432610366-2163336488-3604236847-519","PrincipalType":"Group","RightName":"WriteDacl","IsInherited":false,"InheritanceHash":""},{"PrincipalSID":"DARKCORP.HTB-S-1-5-32-544","PrincipalType":"Group","RightName":"GenericWrite","IsInherited":false,"InheritanceHash":""},{"PrincipalSID":"DARKCORP.HTB-S-1-5-32-544","PrincipalType":"Group","RightName":"WriteOwner","IsInherited":false,"InheritanceHash":""},{"PrincipalSID":"DARKCORP.HTB-S-1-5-32-544","PrincipalType":"Group","RightName":"AllExtendedRights","IsInherited":false,"InheritanceHash":""},{"PrincipalSID":"DARKCORP.HTB-S-1-5-32-544","PrincipalType":"Group","RightName":"WriteDacl","IsInherited":false,"InheritanceHash":""}],"AllowedToDelegate":[],"HasSIDHistory":[],"ContainedBy":{"ObjectIdentifier":"2DD06184-F78C-4BEE-9A6F-6587FDA1AE89","ObjectType":"Container"}},{"ObjectIdentifier":"S-1-5-21-3432610366-2163336488-3604236847-1103","IsDeleted":false,"IsACLProtected":false,"Properties":{"domain":"DARKCORP.HTB","name":"VICTOR.R@DARKCORP.HTB","domainsid":"S-1-5-21-3432610366-2163336488-3604236847","isaclprotected":false,"distinguishedname":"CN=VICTOR RODRIGUEZ,CN=USERS,DC=DARKCORP,DC=HTB","highvalue":false,"description":null,"whencreated":1735515571,"sensitive":false,"dontreqpreauth":false,"passwordnotreqd":false,"unconstraineddelegation":false,"pwdneverexpires":true,"enabled":true,"trustedtoauth":false,"lastlogon":1735517166,"lastlogontimestamp":1761271643,"pwdlastset":1736182399,"serviceprincipalnames":[],"hasspn":false,"displayname":"","email":"","title":"","homedirectory":"","logonscript":"","useraccountcontrol":66048,"samaccountname":"victor.r","userpassword":"","unixpassword":"","unicodepassword":"","sfupassword":"","admincount":false,"supportedencryptiontypes":[],"sidhistory":[],"allowedtodelegate":[]},"PrimaryGroupSID":"S-1-5-21-3432610366-2163336488-3604236847-513","SPNTargets":[],"UnconstrainedDelegation":false,"DomainSID":"S-1-5-21-3432610366-2163336488-3604236847","Aces":[{"PrincipalSID":"S-1-5-21-3432610366-2163336488-3604236847-512","PrincipalType":"Group","RightName":"Owns","IsInherited":false,"InheritanceHash":""},{"PrincipalSID":"S-1-5-21-3432610366-2163336488-3604236847-512","PrincipalType":"Group","RightName":"GenericAll","IsInherited":false,"InheritanceHash":""},{"PrincipalSID":"DARKCORP.HTB-S-1-5-32-548","PrincipalType":"Group","RightName":"GenericAll","IsInherited":false,"InheritanceHash":""},{"PrincipalSID":"S-1-5-21-3432610366-2163336488-3604236847-526","PrincipalType":"Group","RightName":"AddKeyCredentialLink","IsInherited":true,"InheritanceHash":""},{"PrincipalSID":"S-1-5-21-3432610366-2163336488-3604236847-527","PrincipalType":"Group","RightName":"AddKeyCredentialLink","IsInherited":true,"InheritanceHash":""},{"PrincipalSID":"S-1-5-21-3432610366-2163336488-3604236847-519","PrincipalType":"Group","RightName":"GenericAll","IsInherited":true,"InheritanceHash":""},{"PrincipalSID":"DARKCORP.HTB-S-1-5-32-544","PrincipalType":"Group","RightName":"GenericWrite","IsInherited":true,"InheritanceHash":""},{"PrincipalSID":"DARKCORP.HTB-S-1-5-32-544","PrincipalType":"Group","RightName":"WriteOwner","IsInherited":true,"InheritanceHash":""},{"PrincipalSID":"DARKCORP.HTB-S-1-5-32-544","PrincipalType":"Group","RightName":"AllExtendedRights","IsInherited":true,"InheritanceHash":""},{"PrincipalSID":"DARKCORP.HTB-S-1-5-32-544","PrincipalType":"Group","RightName":"WriteDacl","IsInherited":true,"InheritanceHash":""}],"AllowedToDelegate":[],"HasSIDHistory":[],"ContainedBy":{"ObjectIdentifier":"2DD06184-F78C-4BEE-9A6F-6587FDA1AE89","ObjectType":"Container"}},{"ObjectIdentifier":"S-1-5-21-3432610366-2163336488-3604236847-1104","IsDeleted":false,"IsACLProtected":false,"Properties":{"domain":"DARKCORP.HTB","name":"SVC_ACC@DARKCORP.HTB","domainsid":"S-1-5-21-3432610366-2163336488-3604236847","isaclprotected":false,"distinguishedname":"CN=SVC_ACC,CN=USERS,DC=DARKCORP,DC=HTB","highvalue":false,"description":null,"whencreated":1735515578,"sensitive":false,"dontreqpreauth":false,"passwordnotreqd":false,"unconstraineddelegation":false,"pwdneverexpires":true,"enabled":true,"trustedtoauth":false,"lastlogon":1738340634,"lastlogontimestamp":1738340634,"pwdlastset":1735515578,"serviceprincipalnames":[],"hasspn":false,"displayname":"","email":"","title":"","homedirectory":"","logonscript":"","useraccountcontrol":66048,"samaccountname":"svc_acc","userpassword":"","unixpassword":"","unicodepassword":"","sfupassword":"","admincount":false,"supportedencryptiontypes":[],"sidhistory":[],"allowedtodelegate":[]},"PrimaryGroupSID":"S-1-5-21-3432610366-2163336488-3604236847-513","SPNTargets":[],"UnconstrainedDelegation":false,"DomainSID":"S-1-5-21-3432610366-2163336488-3604236847","Aces":[{"PrincipalSID":"S-1-5-21-3432610366-2163336488-3604236847-512","PrincipalType":"Group","RightName":"Owns","IsInherited":false,"InheritanceHash":""},{"PrincipalSID":"S-1-5-21-3432610366-2163336488-3604236847-512","PrincipalType":"Group","RightName":"GenericAll","IsInherited":false,"InheritanceHash":""},{"PrincipalSID":"DARKCORP.HTB-S-1-5-32-548","PrincipalType":"Group","RightName":"GenericAll","IsInherited":false,"InheritanceHash":""},{"PrincipalSID":"S-1-5-21-3432610366-2163336488-3604236847-526","PrincipalType":"Group","RightName":"AddKeyCredentialLink","IsInherited":true,"InheritanceHash":""},{"PrincipalSID":"S-1-5-21-3432610366-2163336488-3604236847-527","PrincipalType":"Group","RightName":"AddKeyCredentialLink","IsInherited":true,"InheritanceHash":""},{"PrincipalSID":"S-1-5-21-3432610366-2163336488-3604236847-519","PrincipalType":"Group","RightName":"GenericAll","IsInherited":true,"InheritanceHash":""},{"PrincipalSID":"DARKCORP.HTB-S-1-5-32-544","PrincipalType":"Group","RightName":"GenericWrite","IsInherited":true,"InheritanceHash":""},{"PrincipalSID":"DARKCORP.HTB-S-1-5-32-544","PrincipalType":"Group","RightName":"WriteOwner","IsInherited":true,"InheritanceHash":""},{"PrincipalSID":"DARKCORP.HTB-S-1-5-32-544","PrincipalType":"Group","RightName":"AllExtendedRights","IsInherited":true,"InheritanceHash":""},{"PrincipalSID":"DARKCORP.HTB-S-1-5-32-544","PrincipalType":"Group","RightName":"WriteDacl","IsInherited":true,"InheritanceHash":""}],"AllowedToDelegate":[],"HasSIDHistory":[],"ContainedBy":{"ObjectIdentifier":"2DD06184-F78C-4BEE-9A6F-6587FDA1AE89","ObjectType":"Container"}},{"ObjectIdentifier":"S-1-5-21-3432610366-2163336488-3604236847-1105","IsDeleted":false,"IsACLProtected":false,"Properties":{"domain":"DARKCORP.HTB","name":"JOHN.W@DARKCORP.HTB","domainsid":"S-1-5-21-3432610366-2163336488-3604236847","isaclprotected":false,"distinguishedname":"CN=JOHN WALKER,CN=USERS,DC=DARKCORP,DC=HTB","highvalue":false,"description":null,"whencreated":1735515588,"sensitive":false,"dontreqpreauth":false,"passwordnotreqd":false,"unconstraineddelegation":false,"pwdneverexpires":true,"enabled":true,"trustedtoauth":false,"lastlogon":0,"lastlogontimestamp":0,"pwdlastset":1735515588,"serviceprincipalnames":[],"hasspn":false,"displayname":"","email":"","title":"","homedirectory":"","logonscript":"","useraccountcontrol":66048,"samaccountname":"john.w","userpassword":"","unixpassword":"","unicodepassword":"","sfupassword":"","admincount":false,"supportedencryptiontypes":[],"sidhistory":[],"allowedtodelegate":[]},"PrimaryGroupSID":"S-1-5-21-3432610366-2163336488-3604236847-513","SPNTargets":[],"UnconstrainedDelegation":false,"DomainSID":"S-1-5-21-3432610366-2163336488-3604236847","Aces":[{"PrincipalSID":"S-1-5-21-3432610366-2163336488-3604236847-512","PrincipalType":"Group","RightName":"Owns","IsInherited":false,"InheritanceHash":""},{"PrincipalSID":"S-1-5-21-3432610366-2163336488-3604236847-512","PrincipalType":"Group","RightName":"GenericAll","IsInherited":false,"InheritanceHash":""},{"PrincipalSID":"DARKCORP.HTB-S-1-5-32-548","PrincipalType":"Group","RightName":"GenericAll","IsInherited":false,"InheritanceHash":""},{"PrincipalSID":"S-1-5-21-3432610366-2163336488-3604236847-526","PrincipalType":"Group","RightName":"AddKeyCredentialLink","IsInherited":true,"InheritanceHash":""},{"PrincipalSID":"S-1-5-21-3432610366-2163336488-3604236847-527","PrincipalType":"Group","RightName":"AddKeyCredentialLink","IsInherited":true,"InheritanceHash":""},{"PrincipalSID":"S-1-5-21-3432610366-2163336488-3604236847-519","PrincipalType":"Group","RightName":"GenericAll","IsInherited":true,"InheritanceHash":""},{"PrincipalSID":"DARKCORP.HTB-S-1-5-32-544","PrincipalType":"Group","RightName":"GenericWrite","IsInherited":true,"InheritanceHash":""},{"PrincipalSID":"DARKCORP.HTB-S-1-5-32-544","PrincipalType":"Group","RightName":"WriteOwner","IsInherited":true,"InheritanceHash":""},{"PrincipalSID":"DARKCORP.HTB-S-1-5-32-544","PrincipalType":"Group","RightName":"AllExtendedRights","IsInherited":true,"InheritanceHash":""},{"PrincipalSID":"DARKCORP.HTB-S-1-5-32-544","PrincipalType":"Group","RightName":"WriteDacl","IsInherited":true,"InheritanceHash":""}],"AllowedToDelegate":[],"HasSIDHistory":[],"ContainedBy":{"ObjectIdentifier":"2DD06184-F78C-4BEE-9A6F-6587FDA1AE89","ObjectType":"Container"}},{"ObjectIdentifier":"S-1-5-21-3432610366-2163336488-3604236847-1106","IsDeleted":false,"IsACLProtected":false,"Properties":{"domain":"DARKCORP.HTB","name":"ANGELA.W@DARKCORP.HTB","domainsid":"S-1-5-21-3432610366-2163336488-3604236847","isaclprotected":false,"distinguishedname":"CN=ANGELA WILLIAMS,CN=USERS,DC=DARKCORP,DC=HTB","highvalue":false,"description":null,"whencreated":1735515597,"sensitive":false,"dontreqpreauth":false,"passwordnotreqd":false,"unconstraineddelegation":false,"pwdneverexpires":true,"enabled":true,"trustedtoauth":false,"lastlogon":0,"lastlogontimestamp":0,"pwdlastset":1735515597,"serviceprincipalnames":[],"hasspn":false,"displayname":"","email":"","title":"","homedirectory":"","logonscript":"","useraccountcontrol":66048,"samaccountname":"angela.w","userpassword":"","unixpassword":"","unicodepassword":"","sfupassword":"","admincount":false,"supportedencryptiontypes":[],"sidhistory":[],"allowedtodelegate":[]},"PrimaryGroupSID":"S-1-5-21-3432610366-2163336488-3604236847-513","SPNTargets":[],"UnconstrainedDelegation":false,"DomainSID":"S-1-5-21-3432610366-2163336488-3604236847","Aces":[{"PrincipalSID":"S-1-5-21-3432610366-2163336488-3604236847-512","PrincipalType":"Group","RightName":"Owns","IsInherited":false,"InheritanceHash":""},{"PrincipalSID":"S-1-5-21-3432610366-2163336488-3604236847-1105","PrincipalType":"User","RightName":"GenericWrite","IsInherited":false,"InheritanceHash":""},{"PrincipalSID":"S-1-5-21-3432610366-2163336488-3604236847-512","PrincipalType":"Group","RightName":"GenericAll","IsInherited":false,"InheritanceHash":""},{"PrincipalSID":"DARKCORP.HTB-S-1-5-32-548","PrincipalType":"Group","RightName":"GenericAll","IsInherited":false,"InheritanceHash":""},{"PrincipalSID":"S-1-5-21-3432610366-2163336488-3604236847-526","PrincipalType":"Group","RightName":"AddKeyCredentialLink","IsInherited":true,"InheritanceHash":""},{"PrincipalSID":"S-1-5-21-3432610366-2163336488-3604236847-527","PrincipalType":"Group","RightName":"AddKeyCredentialLink","IsInherited":true,"InheritanceHash":""},{"PrincipalSID":"S-1-5-21-3432610366-2163336488-3604236847-519","PrincipalType":"Group","RightName":"GenericAll","IsInherited":true,"InheritanceHash":""},{"PrincipalSID":"DARKCORP.HTB-S-1-5-32-544","PrincipalType":"Group","RightName":"GenericWrite","IsInherited":true,"InheritanceHash":""},{"PrincipalSID":"DARKCORP.HTB-S-1-5-32-544","PrincipalType":"Group","RightName":"WriteOwner","IsInherited":true,"InheritanceHash":""},{"PrincipalSID":"DARKCORP.HTB-S-1-5-32-544","PrincipalType":"Group","RightName":"AllExtendedRights","IsInherited":true,"InheritanceHash":""},{"PrincipalSID":"DARKCORP.HTB-S-1-5-32-544","PrincipalType":"Group","RightName":"WriteDacl","IsInherited":true,"InheritanceHash":""}],"AllowedToDelegate":[],"HasSIDHistory":[],"ContainedBy":{"ObjectIdentifier":"2DD06184-F78C-4BEE-9A6F-6587FDA1AE89","ObjectType":"Container"}},{"ObjectIdentifier":"S-1-5-21-3432610366-2163336488-3604236847-1107","IsDeleted":false,"IsACLProtected":false,"Properties":{"domain":"DARKCORP.HTB","name":"ANGELA.W.ADM@DARKCORP.HTB","domainsid":"S-1-5-21-3432610366-2163336488-3604236847","isaclprotected":false,"distinguishedname":"CN=ANGELA WILLIAMS ADM,CN=USERS,DC=DARKCORP,DC=HTB","highvalue":false,"description":null,"whencreated":1735515597,"sensitive":false,"dontreqpreauth":false,"passwordnotreqd":false,"unconstraineddelegation":false,"pwdneverexpires":true,"enabled":true,"trustedtoauth":false,"lastlogon":0,"lastlogontimestamp":0,"pwdlastset":1735515597,"serviceprincipalnames":[],"hasspn":false,"displayname":"","email":"","title":"","homedirectory":"","logonscript":"","useraccountcontrol":66048,"samaccountname":"angela.w.adm","userpassword":"","unixpassword":"","unicodepassword":"","sfupassword":"","admincount":false,"supportedencryptiontypes":[],"sidhistory":[],"allowedtodelegate":[]},"PrimaryGroupSID":"S-1-5-21-3432610366-2163336488-3604236847-513","SPNTargets":[],"UnconstrainedDelegation":false,"DomainSID":"S-1-5-21-3432610366-2163336488-3604236847","Aces":[{"PrincipalSID":"S-1-5-21-3432610366-2163336488-3604236847-512","PrincipalType":"Group","RightName":"Owns","IsInherited":false,"InheritanceHash":""},{"PrincipalSID":"S-1-5-21-3432610366-2163336488-3604236847-512","PrincipalType":"Group","RightName":"GenericAll","IsInherited":false,"InheritanceHash":""},{"PrincipalSID":"DARKCORP.HTB-S-1-5-32-548","PrincipalType":"Group","RightName":"GenericAll","IsInherited":false,"InheritanceHash":""},{"PrincipalSID":"S-1-5-21-3432610366-2163336488-3604236847-526","PrincipalType":"Group","RightName":"AddKeyCredentialLink","IsInherited":true,"InheritanceHash":""},{"PrincipalSID":"S-1-5-21-3432610366-2163336488-3604236847-527","PrincipalType":"Group","RightName":"AddKeyCredentialLink","IsInherited":true,"InheritanceHash":""},{"PrincipalSID":"S-1-5-21-3432610366-2163336488-3604236847-519","PrincipalType":"Group","RightName":"GenericAll","IsInherited":true,"InheritanceHash":""},{"PrincipalSID":"DARKCORP.HTB-S-1-5-32-544","PrincipalType":"Group","RightName":"GenericWrite","IsInherited":true,"InheritanceHash":""},{"PrincipalSID":"DARKCORP.HTB-S-1-5-32-544","PrincipalType":"Group","RightName":"WriteOwner","IsInherited":true,"InheritanceHash":""},{"PrincipalSID":"DARKCORP.HTB-S-1-5-32-544","PrincipalType":"Group","RightName":"AllExtendedRights","IsInherited":true,"InheritanceHash":""},{"PrincipalSID":"DARKCORP.HTB-S-1-5-32-544","PrincipalType":"Group","RightName":"WriteDacl","IsInherited":true,"InheritanceHash":""}],"AllowedToDelegate":[],"HasSIDHistory":[],"ContainedBy":{"ObjectIdentifier":"2DD06184-F78C-4BEE-9A6F-6587FDA1AE89","ObjectType":"Container"}},{"ObjectIdentifier":"S-1-5-21-3432610366-2163336488-3604236847-1108","IsDeleted":false,"IsACLProtected":false,"Properties":{"domain":"DARKCORP.HTB","name":"TAYLOR.B@DARKCORP.HTB","domainsid":"S-1-5-21-3432610366-2163336488-3604236847","isaclprotected":false,"distinguishedname":"CN=TAYLOR BARNARD,CN=USERS,DC=DARKCORP,DC=HTB","highvalue":false,"description":null,"whencreated":1735515597,"sensitive":false,"dontreqpreauth":false,"passwordnotreqd":false,"unconstraineddelegation":false,"pwdneverexpires":false,"enabled":true,"trustedtoauth":false,"lastlogon":0,"lastlogontimestamp":0,"pwdlastset":1736439033,"serviceprincipalnames":[],"hasspn":false,"displayname":"","email":"","title":"","homedirectory":"","logonscript":"","useraccountcontrol":512,"samaccountname":"taylor.b","userpassword":"","unixpassword":"","unicodepassword":"","sfupassword":"","admincount":false,"supportedencryptiontypes":[],"sidhistory":[],"allowedtodelegate":[]},"PrimaryGroupSID":"S-1-5-21-3432610366-2163336488-3604236847-513","SPNTargets":[],"UnconstrainedDelegation":false,"DomainSID":"S-1-5-21-3432610366-2163336488-3604236847","Aces":[{"PrincipalSID":"S-1-5-21-3432610366-2163336488-3604236847-512","PrincipalType":"Group","RightName":"Owns","IsInherited":false,"InheritanceHash":""},{"PrincipalSID":"S-1-5-21-3432610366-2163336488-3604236847-512","PrincipalType":"Group","RightName":"GenericAll","IsInherited":false,"InheritanceHash":""},{"PrincipalSID":"DARKCORP.HTB-S-1-5-32-548","PrincipalType":"Group","RightName":"GenericAll","IsInherited":false,"InheritanceHash":""},{"PrincipalSID":"S-1-5-21-3432610366-2163336488-3604236847-526","PrincipalType":"Group","RightName":"AddKeyCredentialLink","IsInherited":true,"InheritanceHash":""},{"PrincipalSID":"S-1-5-21-3432610366-2163336488-3604236847-527","PrincipalType":"Group","RightName":"AddKeyCredentialLink","IsInherited":true,"InheritanceHash":""},{"PrincipalSID":"S-1-5-21-3432610366-2163336488-3604236847-519","PrincipalType":"Group","RightName":"GenericAll","IsInherited":true,"InheritanceHash":""},{"PrincipalSID":"DARKCORP.HTB-S-1-5-32-544","PrincipalType":"Group","RightName":"GenericWrite","IsInherited":true,"InheritanceHash":""},{"PrincipalSID":"DARKCORP.HTB-S-1-5-32-544","PrincipalType":"Group","RightName":"WriteOwner","IsInherited":true,"InheritanceHash":""},{"PrincipalSID":"DARKCORP.HTB-S-1-5-32-544","PrincipalType":"Group","RightName":"AllExtendedRights","IsInherited":true,"InheritanceHash":""},{"PrincipalSID":"DARKCORP.HTB-S-1-5-32-544","PrincipalType":"Group","RightName":"WriteDacl","IsInherited":true,"InheritanceHash":""}],"AllowedToDelegate":[],"HasSIDHistory":[],"ContainedBy":{"ObjectIdentifier":"2DD06184-F78C-4BEE-9A6F-6587FDA1AE89","ObjectType":"Container"}},{"ObjectIdentifier":"S-1-5-21-3432610366-2163336488-3604236847-14101","IsDeleted":false,"IsACLProtected":false,"Properties":{"domain":"DARKCORP.HTB","name":"TAYLOR.B.ADM@DARKCORP.HTB","domainsid":"S-1-5-21-3432610366-2163336488-3604236847","isaclprotected":false,"distinguishedname":"CN=TAYLOR BARNARD ADM,CN=USERS,DC=DARKCORP,DC=HTB","highvalue":false,"description":null,"whencreated":1736373301,"sensitive":false,"dontreqpreauth":false,"passwordnotreqd":false,"unconstraineddelegation":false,"pwdneverexpires":true,"enabled":true,"trustedtoauth":false,"lastlogon":1736373912,"lastlogontimestamp":1736373912,"pwdlastset":1736373301,"serviceprincipalnames":[],"hasspn":false,"displayname":"","email":"","title":"","homedirectory":"","logonscript":"","useraccountcontrol":66048,"samaccountname":"taylor.b.adm","userpassword":"","unixpassword":"","unicodepassword":"","sfupassword":"","admincount":false,"supportedencryptiontypes":[],"sidhistory":[],"allowedtodelegate":[]},"PrimaryGroupSID":"S-1-5-21-3432610366-2163336488-3604236847-513","SPNTargets":[],"UnconstrainedDelegation":false,"DomainSID":"S-1-5-21-3432610366-2163336488-3604236847","Aces":[{"PrincipalSID":"S-1-5-21-3432610366-2163336488-3604236847-512","PrincipalType":"Group","RightName":"Owns","IsInherited":false,"InheritanceHash":""},{"PrincipalSID":"S-1-5-21-3432610366-2163336488-3604236847-512","PrincipalType":"Group","RightName":"GenericAll","IsInherited":false,"InheritanceHash":""},{"PrincipalSID":"DARKCORP.HTB-S-1-5-32-548","PrincipalType":"Group","RightName":"GenericAll","IsInherited":false,"InheritanceHash":""},{"PrincipalSID":"S-1-5-21-3432610366-2163336488-3604236847-526","PrincipalType":"Group","RightName":"AddKeyCredentialLink","IsInherited":true,"InheritanceHash":""},{"PrincipalSID":"S-1-5-21-3432610366-2163336488-3604236847-527","PrincipalType":"Group","RightName":"AddKeyCredentialLink","IsInherited":true,"InheritanceHash":""},{"PrincipalSID":"S-1-5-21-3432610366-2163336488-3604236847-519","PrincipalType":"Group","RightName":"GenericAll","IsInherited":true,"InheritanceHash":""},{"PrincipalSID":"DARKCORP.HTB-S-1-5-32-544","PrincipalType":"Group","RightName":"GenericWrite","IsInherited":true,"InheritanceHash":""},{"PrincipalSID":"DARKCORP.HTB-S-1-5-32-544","PrincipalType":"Group","RightName":"WriteOwner","IsInherited":true,"InheritanceHash":""},{"PrincipalSID":"DARKCORP.HTB-S-1-5-32-544","PrincipalType":"Group","RightName":"AllExtendedRights","IsInherited":true,"InheritanceHash":""},{"PrincipalSID":"DARKCORP.HTB-S-1-5-32-544","PrincipalType":"Group","RightName":"WriteDacl","IsInherited":true,"InheritanceHash":""}],"AllowedToDelegate":[],"HasSIDHistory":[],"ContainedBy":{"ObjectIdentifier":"2DD06184-F78C-4BEE-9A6F-6587FDA1AE89","ObjectType":"Container"}},{"ObjectIdentifier":"S-1-5-21-3432610366-2163336488-3604236847-25601","IsDeleted":false,"IsACLProtected":false,"Properties":{"domain":"DARKCORP.HTB","name":"EUGENE.B@DARKCORP.HTB","domainsid":"S-1-5-21-3432610366-2163336488-3604236847","isaclprotected":false,"distinguishedname":"CN=EUGENE BELFORD,OU=DBA,OU=WEB DEVELOPERS,DC=DARKCORP,DC=HTB","highvalue":false,"description":null,"whencreated":1738603840,"sensitive":false,"dontreqpreauth":false,"passwordnotreqd":false,"unconstraineddelegation":false,"pwdneverexpires":true,"enabled":true,"trustedtoauth":false,"lastlogon":0,"lastlogontimestamp":0,"pwdlastset":1738603841,"serviceprincipalnames":[],"hasspn":false,"displayname":"Eugene Belford","email":"","title":"","homedirectory":"","logonscript":"","useraccountcontrol":66048,"samaccountname":"eugene.b","userpassword":"","unixpassword":"","unicodepassword":"","sfupassword":"","admincount":false,"supportedencryptiontypes":[],"sidhistory":[],"allowedtodelegate":[]},"PrimaryGroupSID":"S-1-5-21-3432610366-2163336488-3604236847-513","SPNTargets":[],"UnconstrainedDelegation":false,"DomainSID":"S-1-5-21-3432610366-2163336488-3604236847","Aces":[{"PrincipalSID":"S-1-5-21-3432610366-2163336488-3604236847-512","PrincipalType":"Group","RightName":"Owns","IsInherited":false,"InheritanceHash":""},{"PrincipalSID":"S-1-5-21-3432610366-2163336488-3604236847-512","PrincipalType":"Group","RightName":"GenericAll","IsInherited":false,"InheritanceHash":""},{"PrincipalSID":"DARKCORP.HTB-S-1-5-32-548","PrincipalType":"Group","RightName":"GenericAll","IsInherited":false,"InheritanceHash":""},{"PrincipalSID":"S-1-5-21-3432610366-2163336488-3604236847-526","PrincipalType":"Group","RightName":"AddKeyCredentialLink","IsInherited":true,"InheritanceHash":""},{"PrincipalSID":"S-1-5-21-3432610366-2163336488-3604236847-527","PrincipalType":"Group","RightName":"AddKeyCredentialLink","IsInherited":true,"InheritanceHash":""},{"PrincipalSID":"S-1-5-21-3432610366-2163336488-3604236847-519","PrincipalType":"Group","RightName":"GenericAll","IsInherited":true,"InheritanceHash":""},{"PrincipalSID":"DARKCORP.HTB-S-1-5-32-544","PrincipalType":"Group","RightName":"GenericWrite","IsInherited":true,"InheritanceHash":""},{"PrincipalSID":"DARKCORP.HTB-S-1-5-32-544","PrincipalType":"Group","RightName":"WriteOwner","IsInherited":true,"InheritanceHash":""},{"PrincipalSID":"DARKCORP.HTB-S-1-5-32-544","PrincipalType":"Group","RightName":"AllExtendedRights","IsInherited":true,"InheritanceHash":""},{"PrincipalSID":"DARKCORP.HTB-S-1-5-32-544","PrincipalType":"Group","RightName":"WriteDacl","IsInherited":true,"InheritanceHash":""}],"AllowedToDelegate":[],"HasSIDHistory":[],"ContainedBy":{"ObjectIdentifier":"BA01A020-D633-4FED-9DED-FBF02635C3CC","ObjectType":"OU"}},{"ObjectIdentifier":"S-1-5-21-3432610366-2163336488-3604236847-25603","IsDeleted":false,"IsACLProtected":false,"Properties":{"domain":"DARKCORP.HTB","name":"BRYCE.C@DARKCORP.HTB","domainsid":"S-1-5-21-3432610366-2163336488-3604236847","isaclprotected":false,"distinguishedname":"CN=BRYCE CASE JR.,OU=DEVELOPER,OU=WEB DEVELOPERS,DC=DARKCORP,DC=HTB","highvalue":false,"description":null,"whencreated":1738603886,"sensitive":false,"dontreqpreauth":false,"passwordnotreqd":false,"unconstraineddelegation":false,"pwdneverexpires":true,"enabled":true,"trustedtoauth":false,"lastlogon":0,"lastlogontimestamp":0,"pwdlastset":1738603886,"serviceprincipalnames":[],"hasspn":false,"displayname":"Bryce Case","email":"","title":"","homedirectory":"","logonscript":"","useraccountcontrol":66048,"samaccountname":"bryce.c","userpassword":"","unixpassword":"","unicodepassword":"","sfupassword":"","admincount":false,"supportedencryptiontypes":[],"sidhistory":[],"allowedtodelegate":[]},"PrimaryGroupSID":"S-1-5-21-3432610366-2163336488-3604236847-513","SPNTargets":[],"UnconstrainedDelegation":false,"DomainSID":"S-1-5-21-3432610366-2163336488-3604236847","Aces":[{"PrincipalSID":"S-1-5-21-3432610366-2163336488-3604236847-512","PrincipalType":"Group","RightName":"Owns","IsInherited":false,"InheritanceHash":""},{"PrincipalSID":"S-1-5-21-3432610366-2163336488-3604236847-512","PrincipalType":"Group","RightName":"GenericAll","IsInherited":false,"InheritanceHash":""},{"PrincipalSID":"DARKCORP.HTB-S-1-5-32-548","PrincipalType":"Group","RightName":"GenericAll","IsInherited":false,"InheritanceHash":""},{"PrincipalSID":"S-1-5-21-3432610366-2163336488-3604236847-526","PrincipalType":"Group","RightName":"AddKeyCredentialLink","IsInherited":true,"InheritanceHash":""},{"PrincipalSID":"S-1-5-21-3432610366-2163336488-3604236847-527","PrincipalType":"Group","RightName":"AddKeyCredentialLink","IsInherited":true,"InheritanceHash":""},{"PrincipalSID":"S-1-5-21-3432610366-2163336488-3604236847-519","PrincipalType":"Group","RightName":"GenericAll","IsInherited":true,"InheritanceHash":""},{"PrincipalSID":"DARKCORP.HTB-S-1-5-32-544","PrincipalType":"Group","RightName":"GenericWrite","IsInherited":true,"InheritanceHash":""},{"PrincipalSID":"DARKCORP.HTB-S-1-5-32-544","PrincipalType":"Group","RightName":"WriteOwner","IsInherited":true,"InheritanceHash":""},{"PrincipalSID":"DARKCORP.HTB-S-1-5-32-544","PrincipalType":"Group","RightName":"AllExtendedRights","IsInherited":true,"InheritanceHash":""},{"PrincipalSID":"DARKCORP.HTB-S-1-5-32-544","PrincipalType":"Group","RightName":"WriteDacl","IsInherited":true,"InheritanceHash":""}],"AllowedToDelegate":[],"HasSIDHistory":[],"ContainedBy":{"ObjectIdentifier":"4EA595A5-A082-4F8A-9AE5-5BE3B102FDA9","ObjectType":"OU"}},{"ObjectIdentifier":"DARKCORP.HTB-S-1-5-20","IsDeleted":false,"IsACLProtected":false,"Properties":{"domain":"","name":"NT AUTHORITY@DARKCORP.HTB","domainsid":"S-1-5-21-3432610366-2163336488-3604236847","isaclprotected":false,"distinguishedname":"","highvalue":false,"description":null,"whencreated":0,"sensitive":false,"dontreqpreauth":false,"passwordnotreqd":false,"unconstraineddelegation":false,"pwdneverexpires":false,"enabled":false,"trustedtoauth":false,"lastlogon":0,"lastlogontimestamp":0,"pwdlastset":0,"serviceprincipalnames":[],"hasspn":false,"displayname":"","email":"","title":"","homedirectory":"","logonscript":"","useraccountcontrol":0,"samaccountname":"","userpassword":"","unixpassword":"","unicodepassword":"","sfupassword":"","admincount":false,"supportedencryptiontypes":[],"sidhistory":[],"allowedtodelegate":[]},"PrimaryGroupSID":"","SPNTargets":[],"UnconstrainedDelegation":false,"DomainSID":"","Aces":[],"AllowedToDelegate":[],"HasSIDHistory":[],"ContainedBy":{"ObjectIdentifier":"AF5CEF83-B61E-49EF-8D46-D2BA744F9658","ObjectType":"Container"}}],"meta":{"methods":0,"type":"users","count":13,"version":6,"collectorversion":"RustHound-CE v2.4.0"}}