{"data":[{"Properties":{"domain":"DARKCORP.HTB","name":"DARKCORP-DC-01-CA@DARKCORP.HTB","distinguishedname":"CN=DARKCORP-DC-01-CA,CN=AIA,CN=PUBLIC KEY SERVICES,CN=SERVICES,CN=CONFIGURATION,DC=DARKCORP,DC=HTB","domainsid":"S-1-5-21-3432610366-2163336488-3604236847","isaclprotected":false,"description":null,"whencreated":1735515251,"crosscertificatepair":[],"hascrosscertificatepair":false,"certthumbprint":"975C77E2BA2710E81B8FCF1FE9907566979FE40D","certname":"975C77E2BA2710E81B8FCF1FE9907566979FE40D","certchain":["975C77E2BA2710E81B8FCF1FE9907566979FE40D"],"hasbasicconstraints":false,"basicconstraintpathlength":0},"DomainSID":"S-1-5-21-3432610366-2163336488-3604236847","Aces":[{"PrincipalSID":"S-1-5-21-3432610366-2163336488-3604236847-519","PrincipalType":"Group","RightName":"Owns","IsInherited":false,"InheritanceHash":""},{"PrincipalSID":"S-1-5-21-3432610366-2163336488-3604236847-512","PrincipalType":"Group","RightName":"GenericAll","IsInherited":false,"InheritanceHash":""},{"PrincipalSID":"S-1-5-21-3432610366-2163336488-3604236847-519","PrincipalType":"Group","RightName":"GenericAll","IsInherited":false,"InheritanceHash":""},{"PrincipalSID":"S-1-5-21-3432610366-2163336488-3604236847-1000","PrincipalType":"Computer","RightName":"GenericAll","IsInherited":false,"InheritanceHash":""},{"PrincipalSID":"DARKCORP.HTB-S-1-5-32-544","PrincipalType":"Group","RightName":"GenericAll","IsInherited":false,"InheritanceHash":""},{"PrincipalSID":"S-1-5-21-3432610366-2163336488-3604236847-519","PrincipalType":"Group","RightName":"GenericAll","IsInherited":true,"InheritanceHash":""},{"PrincipalSID":"S-1-5-21-3432610366-2163336488-3604236847-512","PrincipalType":"Group","RightName":"GenericWrite","IsInherited":true,"InheritanceHash":""},{"PrincipalSID":"S-1-5-21-3432610366-2163336488-3604236847-512","PrincipalType":"Group","RightName":"WriteOwner","IsInherited":true,"InheritanceHash":""},{"PrincipalSID":"S-1-5-21-3432610366-2163336488-3604236847-512","PrincipalType":"Group","RightName":"WriteDacl","IsInherited":true,"InheritanceHash":""}],"ObjectIdentifier":"642D73AE-4F3B-4C59-98FC-BF9979D213C2","IsDeleted":false,"IsACLProtected":false,"ContainedBy":{"ObjectIdentifier":"ADA76818-B55D-47EB-A9AB-2944895D9501","ObjectType":"Container"}}],"meta":{"methods":0,"type":"aiacas","count":1,"version":6,"collectorversion":"RustHound-CE v2.4.0"}}