{"data":[{"GPOChanges":{"LocalAdmins":[],"RemoteDesktopUsers":[],"DcomUsers":[],"PSRemoteUsers":[],"AffectedComputers":[{"ObjectIdentifier":"S-1-5-21-3432610366-2163336488-3604236847-1000","ObjectType":"Computer"}]},"ObjectIdentifier":"5646C66C-7A0C-4D56-8B42-6756B10D1623","Properties":{"domain":"DARKCORP.HTB","name":"DOMAIN CONTROLLERS@DARKCORP.HTB","distinguishedname":"OU=DOMAIN CONTROLLERS,DC=DARKCORP,DC=HTB","domainsid":"S-1-5-21-3432610366-2163336488-3604236847","isaclprotected":false,"highvalue":false,"description":"Default container for domain controllers","whencreated":1735514908,"blocksinheritance":false},"Aces":[{"PrincipalSID":"S-1-5-21-3432610366-2163336488-3604236847-512","PrincipalType":"Group","RightName":"Owns","IsInherited":false,"InheritanceHash":""},{"PrincipalSID":"S-1-5-21-3432610366-2163336488-3604236847-512","PrincipalType":"Group","RightName":"GenericWrite","IsInherited":false,"InheritanceHash":""},{"PrincipalSID":"S-1-5-21-3432610366-2163336488-3604236847-512","PrincipalType":"Group","RightName":"WriteOwner","IsInherited":false,"InheritanceHash":""},{"PrincipalSID":"S-1-5-21-3432610366-2163336488-3604236847-512","PrincipalType":"Group","RightName":"WriteDacl","IsInherited":false,"InheritanceHash":""},{"PrincipalSID":"S-1-5-21-3432610366-2163336488-3604236847-519","PrincipalType":"Group","RightName":"GenericAll","IsInherited":true,"InheritanceHash":""},{"PrincipalSID":"DARKCORP.HTB-S-1-5-32-544","PrincipalType":"Group","RightName":"GenericWrite","IsInherited":true,"InheritanceHash":""},{"PrincipalSID":"DARKCORP.HTB-S-1-5-32-544","PrincipalType":"Group","RightName":"WriteOwner","IsInherited":true,"InheritanceHash":""},{"PrincipalSID":"DARKCORP.HTB-S-1-5-32-544","PrincipalType":"Group","RightName":"WriteDacl","IsInherited":true,"InheritanceHash":""}],"Links":[{"IsEnforced":false,"GUID":"7FAA32FE-1079-49B3-A926-F7E46FA79E4B"},{"IsEnforced":false,"GUID":"6AC1786C-016F-11D2-945F-00C04fB984F9"}],"ChildObjects":[{"ObjectIdentifier":"S-1-5-21-3432610366-2163336488-3604236847-1000","ObjectType":"Computer"}],"IsDeleted":false,"IsACLProtected":false,"ContainedBy":{"ObjectIdentifier":"S-1-5-21-3432610366-2163336488-3604236847","ObjectType":"Domain"}},{"GPOChanges":{"LocalAdmins":[],"RemoteDesktopUsers":[],"DcomUsers":[],"PSRemoteUsers":[],"AffectedComputers":[]},"ObjectIdentifier":"C05EA33C-CB16-4814-BE72-AE238B8CE253","Properties":{"domain":"DARKCORP.HTB","name":"WEB DEVELOPERS@DARKCORP.HTB","distinguishedname":"OU=WEB DEVELOPERS,DC=DARKCORP,DC=HTB","domainsid":"S-1-5-21-3432610366-2163336488-3604236847","isaclprotected":false,"highvalue":false,"description":null,"whencreated":1738603601,"blocksinheritance":false},"Aces":[{"PrincipalSID":"S-1-5-21-3432610366-2163336488-3604236847-512","PrincipalType":"Group","RightName":"Owns","IsInherited":false,"InheritanceHash":""},{"PrincipalSID":"S-1-5-21-3432610366-2163336488-3604236847-512","PrincipalType":"Group","RightName":"GenericAll","IsInherited":false,"InheritanceHash":""},{"PrincipalSID":"S-1-5-21-3432610366-2163336488-3604236847-519","PrincipalType":"Group","RightName":"GenericAll","IsInherited":true,"InheritanceHash":""},{"PrincipalSID":"DARKCORP.HTB-S-1-5-32-544","PrincipalType":"Group","RightName":"GenericWrite","IsInherited":true,"InheritanceHash":""},{"PrincipalSID":"DARKCORP.HTB-S-1-5-32-544","PrincipalType":"Group","RightName":"WriteOwner","IsInherited":true,"InheritanceHash":""},{"PrincipalSID":"DARKCORP.HTB-S-1-5-32-544","PrincipalType":"Group","RightName":"WriteDacl","IsInherited":true,"InheritanceHash":""}],"Links":[],"ChildObjects":[{"ObjectIdentifier":"BA01A020-D633-4FED-9DED-FBF02635C3CC","ObjectType":"OU"},{"ObjectIdentifier":"4EA595A5-A082-4F8A-9AE5-5BE3B102FDA9","ObjectType":"OU"}],"IsDeleted":false,"IsACLProtected":false,"ContainedBy":{"ObjectIdentifier":"S-1-5-21-3432610366-2163336488-3604236847","ObjectType":"Domain"}},{"GPOChanges":{"LocalAdmins":[],"RemoteDesktopUsers":[],"DcomUsers":[],"PSRemoteUsers":[],"AffectedComputers":[]},"ObjectIdentifier":"BA01A020-D633-4FED-9DED-FBF02635C3CC","Properties":{"domain":"DARKCORP.HTB","name":"DBA@DARKCORP.HTB","distinguishedname":"OU=DBA,OU=WEB DEVELOPERS,DC=DARKCORP,DC=HTB","domainsid":"S-1-5-21-3432610366-2163336488-3604236847","isaclprotected":false,"highvalue":false,"description":null,"whencreated":1738603610,"blocksinheritance":false},"Aces":[{"PrincipalSID":"S-1-5-21-3432610366-2163336488-3604236847-512","PrincipalType":"Group","RightName":"Owns","IsInherited":false,"InheritanceHash":""},{"PrincipalSID":"S-1-5-21-3432610366-2163336488-3604236847-512","PrincipalType":"Group","RightName":"GenericAll","IsInherited":false,"InheritanceHash":""},{"PrincipalSID":"S-1-5-21-3432610366-2163336488-3604236847-519","PrincipalType":"Group","RightName":"GenericAll","IsInherited":true,"InheritanceHash":""},{"PrincipalSID":"DARKCORP.HTB-S-1-5-32-544","PrincipalType":"Group","RightName":"GenericWrite","IsInherited":true,"InheritanceHash":""},{"PrincipalSID":"DARKCORP.HTB-S-1-5-32-544","PrincipalType":"Group","RightName":"WriteOwner","IsInherited":true,"InheritanceHash":""},{"PrincipalSID":"DARKCORP.HTB-S-1-5-32-544","PrincipalType":"Group","RightName":"WriteDacl","IsInherited":true,"InheritanceHash":""}],"Links":[],"ChildObjects":[{"ObjectIdentifier":"S-1-5-21-3432610366-2163336488-3604236847-25601","ObjectType":"User"}],"IsDeleted":false,"IsACLProtected":false,"ContainedBy":{"ObjectIdentifier":"C05EA33C-CB16-4814-BE72-AE238B8CE253","ObjectType":"OU"}},{"GPOChanges":{"LocalAdmins":[],"RemoteDesktopUsers":[],"DcomUsers":[],"PSRemoteUsers":[],"AffectedComputers":[]},"ObjectIdentifier":"4EA595A5-A082-4F8A-9AE5-5BE3B102FDA9","Properties":{"domain":"DARKCORP.HTB","name":"DEVELOPER@DARKCORP.HTB","distinguishedname":"OU=DEVELOPER,OU=WEB DEVELOPERS,DC=DARKCORP,DC=HTB","domainsid":"S-1-5-21-3432610366-2163336488-3604236847","isaclprotected":false,"highvalue":false,"description":null,"whencreated":1738603623,"blocksinheritance":false},"Aces":[{"PrincipalSID":"S-1-5-21-3432610366-2163336488-3604236847-512","PrincipalType":"Group","RightName":"Owns","IsInherited":false,"InheritanceHash":""},{"PrincipalSID":"S-1-5-21-3432610366-2163336488-3604236847-512","PrincipalType":"Group","RightName":"GenericAll","IsInherited":false,"InheritanceHash":""},{"PrincipalSID":"S-1-5-21-3432610366-2163336488-3604236847-519","PrincipalType":"Group","RightName":"GenericAll","IsInherited":true,"InheritanceHash":""},{"PrincipalSID":"DARKCORP.HTB-S-1-5-32-544","PrincipalType":"Group","RightName":"GenericWrite","IsInherited":true,"InheritanceHash":""},{"PrincipalSID":"DARKCORP.HTB-S-1-5-32-544","PrincipalType":"Group","RightName":"WriteOwner","IsInherited":true,"InheritanceHash":""},{"PrincipalSID":"DARKCORP.HTB-S-1-5-32-544","PrincipalType":"Group","RightName":"WriteDacl","IsInherited":true,"InheritanceHash":""}],"Links":[],"ChildObjects":[{"ObjectIdentifier":"S-1-5-21-3432610366-2163336488-3604236847-25603","ObjectType":"User"}],"IsDeleted":false,"IsACLProtected":false,"ContainedBy":{"ObjectIdentifier":"C05EA33C-CB16-4814-BE72-AE238B8CE253","ObjectType":"OU"}}],"meta":{"methods":0,"type":"ous","count":4,"version":6,"collectorversion":"RustHound-CE v2.4.0"}}