{"data":[{"Properties":{"domain":"DARKCORP.HTB","name":"LOW ASSURANCE@DARKCORP.HTB","distinguishedname":"CN=400.AEB128CC322F32EC43B39B342A296385,CN=OID,CN=PUBLIC KEY SERVICES,CN=SERVICES,CN=CONFIGURATION,DC=DARKCORP,DC=HTB","domainsid":"S-1-5-21-3432610366-2163336488-3604236847","isaclprotected":false,"description":null,"whencreated":1735515251,"displayname":"Low Assurance","certtemplateoid":"1.3.6.1.4.1.311.21.8.11021901.12072297.4605109.2565818.10598172.3.1.400"},"GroupLink":{"ObjectIdentifier":null,"ObjectType":"Base"},"Aces":[{"PrincipalSID":"S-1-5-21-3432610366-2163336488-3604236847-519","PrincipalType":"Group","RightName":"Owns","IsInherited":false,"InheritanceHash":""},{"PrincipalSID":"S-1-5-21-3432610366-2163336488-3604236847-512","PrincipalType":"Group","RightName":"GenericAll","IsInherited":false,"InheritanceHash":""},{"PrincipalSID":"S-1-5-21-3432610366-2163336488-3604236847-519","PrincipalType":"Group","RightName":"GenericAll","IsInherited":true,"InheritanceHash":""},{"PrincipalSID":"S-1-5-21-3432610366-2163336488-3604236847-512","PrincipalType":"Group","RightName":"GenericWrite","IsInherited":true,"InheritanceHash":""},{"PrincipalSID":"S-1-5-21-3432610366-2163336488-3604236847-512","PrincipalType":"Group","RightName":"WriteOwner","IsInherited":true,"InheritanceHash":""},{"PrincipalSID":"S-1-5-21-3432610366-2163336488-3604236847-512","PrincipalType":"Group","RightName":"WriteDacl","IsInherited":true,"InheritanceHash":""}],"ObjectIdentifier":"39D8D56A-D2A9-4841-AA16-FC7D51D14D97","IsDeleted":false,"IsACLProtected":false,"ContainedBy":null},{"Properties":{"domain":"DARKCORP.HTB","name":"MEDIUM ASSURANCE@DARKCORP.HTB","distinguishedname":"CN=401.DC087F1CF745232A7BB53D5097768C48,CN=OID,CN=PUBLIC KEY SERVICES,CN=SERVICES,CN=CONFIGURATION,DC=DARKCORP,DC=HTB","domainsid":"S-1-5-21-3432610366-2163336488-3604236847","isaclprotected":false,"description":null,"whencreated":1735515251,"displayname":"Medium Assurance","certtemplateoid":"1.3.6.1.4.1.311.21.8.11021901.12072297.4605109.2565818.10598172.3.1.401"},"GroupLink":{"ObjectIdentifier":null,"ObjectType":"Base"},"Aces":[{"PrincipalSID":"S-1-5-21-3432610366-2163336488-3604236847-519","PrincipalType":"Group","RightName":"Owns","IsInherited":false,"InheritanceHash":""},{"PrincipalSID":"S-1-5-21-3432610366-2163336488-3604236847-512","PrincipalType":"Group","RightName":"GenericAll","IsInherited":false,"InheritanceHash":""},{"PrincipalSID":"S-1-5-21-3432610366-2163336488-3604236847-519","PrincipalType":"Group","RightName":"GenericAll","IsInherited":true,"InheritanceHash":""},{"PrincipalSID":"S-1-5-21-3432610366-2163336488-3604236847-512","PrincipalType":"Group","RightName":"GenericWrite","IsInherited":true,"InheritanceHash":""},{"PrincipalSID":"S-1-5-21-3432610366-2163336488-3604236847-512","PrincipalType":"Group","RightName":"WriteOwner","IsInherited":true,"InheritanceHash":""},{"PrincipalSID":"S-1-5-21-3432610366-2163336488-3604236847-512","PrincipalType":"Group","RightName":"WriteDacl","IsInherited":true,"InheritanceHash":""}],"ObjectIdentifier":"ACDF91C9-1EAB-490A-ACA1-7638BC0EFEB4","IsDeleted":false,"IsACLProtected":false,"ContainedBy":null},{"Properties":{"domain":"DARKCORP.HTB","name":"HIGH ASSURANCE@DARKCORP.HTB","distinguishedname":"CN=402.8D949AE59A86E99E128B1F8210280D50,CN=OID,CN=PUBLIC KEY SERVICES,CN=SERVICES,CN=CONFIGURATION,DC=DARKCORP,DC=HTB","domainsid":"S-1-5-21-3432610366-2163336488-3604236847","isaclprotected":false,"description":null,"whencreated":1735515251,"displayname":"High Assurance","certtemplateoid":"1.3.6.1.4.1.311.21.8.11021901.12072297.4605109.2565818.10598172.3.1.402"},"GroupLink":{"ObjectIdentifier":null,"ObjectType":"Base"},"Aces":[{"PrincipalSID":"S-1-5-21-3432610366-2163336488-3604236847-519","PrincipalType":"Group","RightName":"Owns","IsInherited":false,"InheritanceHash":""},{"PrincipalSID":"S-1-5-21-3432610366-2163336488-3604236847-512","PrincipalType":"Group","RightName":"GenericAll","IsInherited":false,"InheritanceHash":""},{"PrincipalSID":"S-1-5-21-3432610366-2163336488-3604236847-519","PrincipalType":"Group","RightName":"GenericAll","IsInherited":true,"InheritanceHash":""},{"PrincipalSID":"S-1-5-21-3432610366-2163336488-3604236847-512","PrincipalType":"Group","RightName":"GenericWrite","IsInherited":true,"InheritanceHash":""},{"PrincipalSID":"S-1-5-21-3432610366-2163336488-3604236847-512","PrincipalType":"Group","RightName":"WriteOwner","IsInherited":true,"InheritanceHash":""},{"PrincipalSID":"S-1-5-21-3432610366-2163336488-3604236847-512","PrincipalType":"Group","RightName":"WriteDacl","IsInherited":true,"InheritanceHash":""}],"ObjectIdentifier":"A668C892-DB55-4510-A573-7CD012E63295","IsDeleted":false,"IsACLProtected":false,"ContainedBy":null}],"meta":{"methods":0,"type":"issuancepolicies","count":3,"version":6,"collectorversion":"RustHound-CE v2.4.0"}}