{"data":[{"Properties":{"domain":"DARKCORP.HTB","name":"DARKCORP.HTB","distinguishedname":"DC=DARKCORP,DC=HTB","domainsid":"S-1-5-21-3432610366-2163336488-3604236847","isaclprotected":false,"highvalue":true,"description":null,"whencreated":1735514903,"machineaccountquota":0,"expirepasswordsonsmartcardonlyaccounts":true,"minpwdlength":7,"pwdproperties":1,"pwdhistorylength":24,"lockoutthreshold":0,"minpwdage":"1 day","maxpwdage":"6 weeks","lockoutduration":"30 minutes","lockoutobservationwindow":-18000000000,"functionallevel":"2016","collected":true},"GPOChanges":{"LocalAdmins":[],"RemoteDesktopUsers":[],"DcomUsers":[],"PSRemoteUsers":[],"AffectedComputers":[{"ObjectIdentifier":"S-1-5-21-3432610366-2163336488-3604236847-1000","ObjectType":"Computer"},{"ObjectIdentifier":"S-1-5-21-3432610366-2163336488-3604236847-20601","ObjectType":"Computer"},{"ObjectIdentifier":"S-1-5-21-3432610366-2163336488-3604236847-1601","ObjectType":"Computer"}]},"ChildObjects":[{"ObjectIdentifier":"7845C63D-98F9-49AF-BA68-76924A1FDE7A","ObjectType":"Container"},{"ObjectIdentifier":"C05EA33C-CB16-4814-BE72-AE238B8CE253","ObjectType":"OU"},{"ObjectIdentifier":"093FB3CE-6C43-42E7-AB0D-710098DA8794","ObjectType":"Container"},{"ObjectIdentifier":"5646C66C-7A0C-4D56-8B42-6756B10D1623","ObjectType":"OU"},{"ObjectIdentifier":"F13A0F41-3947-446F-B784-B38121E536A2","ObjectType":"Container"},{"ObjectIdentifier":"2DD06184-F78C-4BEE-9A6F-6587FDA1AE89","ObjectType":"Container"},{"ObjectIdentifier":"25020303-B53D-4B6B-9426-E6F4B8D86E4C","ObjectType":"Container"},{"ObjectIdentifier":"9226F46E-48A7-4E05-969C-0BF38E9975B0","ObjectType":"Container"}],"Trusts":[],"Links":[{"IsEnforced":false,"GUID":"FE35438E-F54B-493D-8998-E221C2923461"}],"Aces":[{"PrincipalSID":"DARKCORP.HTB-S-1-5-32-544","PrincipalType":"Group","RightName":"Owns","IsInherited":false,"InheritanceHash":""},{"PrincipalSID":"S-1-5-21-3432610366-2163336488-3604236847-498","PrincipalType":"Group","RightName":"GetChanges","IsInherited":false,"InheritanceHash":""},{"PrincipalSID":"S-1-5-21-3432610366-2163336488-3604236847-516","PrincipalType":"Group","RightName":"GetChangesAll","IsInherited":false,"InheritanceHash":""},{"PrincipalSID":"DARKCORP.HTB-S-1-5-32-544","PrincipalType":"Group","RightName":"GetChangesInFilteredSet","IsInherited":false,"InheritanceHash":""},{"PrincipalSID":"DARKCORP.HTB-S-1-5-32-544","PrincipalType":"Group","RightName":"GetChanges","IsInherited":false,"InheritanceHash":""},{"PrincipalSID":"DARKCORP.HTB-S-1-5-32-544","PrincipalType":"Group","RightName":"GetChangesAll","IsInherited":false,"InheritanceHash":""},{"PrincipalSID":"DARKCORP.HTB-S-1-5-9","PrincipalType":"Group","RightName":"GetChangesInFilteredSet","IsInherited":false,"InheritanceHash":""},{"PrincipalSID":"DARKCORP.HTB-S-1-5-9","PrincipalType":"Group","RightName":"GetChanges","IsInherited":false,"InheritanceHash":""},{"PrincipalSID":"S-1-5-21-3432610366-2163336488-3604236847-512","PrincipalType":"Group","RightName":"GenericWrite","IsInherited":false,"InheritanceHash":""},{"PrincipalSID":"S-1-5-21-3432610366-2163336488-3604236847-512","PrincipalType":"Group","RightName":"WriteOwner","IsInherited":false,"InheritanceHash":""},{"PrincipalSID":"S-1-5-21-3432610366-2163336488-3604236847-512","PrincipalType":"Group","RightName":"AllExtendedRights","IsInherited":false,"InheritanceHash":""},{"PrincipalSID":"S-1-5-21-3432610366-2163336488-3604236847-512","PrincipalType":"Group","RightName":"WriteDacl","IsInherited":false,"InheritanceHash":""},{"PrincipalSID":"S-1-5-21-3432610366-2163336488-3604236847-519","PrincipalType":"Group","RightName":"GenericAll","IsInherited":false,"InheritanceHash":""},{"PrincipalSID":"DARKCORP.HTB-S-1-5-32-544","PrincipalType":"Group","RightName":"GenericWrite","IsInherited":false,"InheritanceHash":""},{"PrincipalSID":"DARKCORP.HTB-S-1-5-32-544","PrincipalType":"Group","RightName":"WriteOwner","IsInherited":false,"InheritanceHash":""},{"PrincipalSID":"DARKCORP.HTB-S-1-5-32-544","PrincipalType":"Group","RightName":"AllExtendedRights","IsInherited":false,"InheritanceHash":""},{"PrincipalSID":"DARKCORP.HTB-S-1-5-32-544","PrincipalType":"Group","RightName":"WriteDacl","IsInherited":false,"InheritanceHash":""}],"ObjectIdentifier":"S-1-5-21-3432610366-2163336488-3604236847","IsDeleted":false,"IsACLProtected":false,"ContainedBy":null},{"Properties":{"domain":"DOMAINDNSZONES.DARKCORP.HTB","name":"DOMAINDNSZONES.DARKCORP.HTB","distinguishedname":"DC=DOMAINDNSZONES,DC=DARKCORP,DC=HTB","domainsid":"","isaclprotected":false,"highvalue":false,"description":null,"whencreated":1735514988,"machineaccountquota":0,"expirepasswordsonsmartcardonlyaccounts":false,"minpwdlength":0,"pwdproperties":0,"pwdhistorylength":0,"lockoutthreshold":0,"minpwdage":"","maxpwdage":"","lockoutduration":"","lockoutobservationwindow":0,"functionallevel":"","collected":false},"GPOChanges":{"LocalAdmins":[],"RemoteDesktopUsers":[],"DcomUsers":[],"PSRemoteUsers":[],"AffectedComputers":[]},"ChildObjects":[],"Trusts":[],"Links":[],"Aces":[{"PrincipalSID":"DARKCORP.HTB-S-1-5-18","PrincipalType":"Group","RightName":"Owns","IsInherited":false,"InheritanceHash":""},{"PrincipalSID":"S-1-5-21-3432610366-2163336488-3604236847-498","PrincipalType":"Group","RightName":"GetChanges","IsInherited":false,"InheritanceHash":""},{"PrincipalSID":"DARKCORP.HTB-S-1-5-32-544","PrincipalType":"Group","RightName":"GetChangesInFilteredSet","IsInherited":false,"InheritanceHash":""},{"PrincipalSID":"DARKCORP.HTB-S-1-5-32-544","PrincipalType":"Group","RightName":"GetChanges","IsInherited":false,"InheritanceHash":""},{"PrincipalSID":"DARKCORP.HTB-S-1-5-32-544","PrincipalType":"Group","RightName":"GetChangesAll","IsInherited":false,"InheritanceHash":""},{"PrincipalSID":"DARKCORP.HTB-S-1-5-9","PrincipalType":"Group","RightName":"GetChangesInFilteredSet","IsInherited":false,"InheritanceHash":""},{"PrincipalSID":"DARKCORP.HTB-S-1-5-9","PrincipalType":"Group","RightName":"GetChanges","IsInherited":false,"InheritanceHash":""},{"PrincipalSID":"DARKCORP.HTB-S-1-5-9","PrincipalType":"Group","RightName":"GetChangesAll","IsInherited":false,"InheritanceHash":""},{"PrincipalSID":"S-1-5-21-3432610366-2163336488-3604236847-512","PrincipalType":"Group","RightName":"GenericWrite","IsInherited":false,"InheritanceHash":""},{"PrincipalSID":"S-1-5-21-3432610366-2163336488-3604236847-512","PrincipalType":"Group","RightName":"WriteOwner","IsInherited":false,"InheritanceHash":""},{"PrincipalSID":"S-1-5-21-3432610366-2163336488-3604236847-512","PrincipalType":"Group","RightName":"AllExtendedRights","IsInherited":false,"InheritanceHash":""},{"PrincipalSID":"S-1-5-21-3432610366-2163336488-3604236847-512","PrincipalType":"Group","RightName":"WriteDacl","IsInherited":false,"InheritanceHash":""},{"PrincipalSID":"S-1-5-21-3432610366-2163336488-3604236847-519","PrincipalType":"Group","RightName":"GenericAll","IsInherited":false,"InheritanceHash":""},{"PrincipalSID":"DARKCORP.HTB-S-1-5-32-544","PrincipalType":"Group","RightName":"GenericWrite","IsInherited":false,"InheritanceHash":""},{"PrincipalSID":"DARKCORP.HTB-S-1-5-32-544","PrincipalType":"Group","RightName":"WriteOwner","IsInherited":false,"InheritanceHash":""},{"PrincipalSID":"DARKCORP.HTB-S-1-5-32-544","PrincipalType":"Group","RightName":"AllExtendedRights","IsInherited":false,"InheritanceHash":""},{"PrincipalSID":"DARKCORP.HTB-S-1-5-32-544","PrincipalType":"Group","RightName":"WriteDacl","IsInherited":false,"InheritanceHash":""}],"ObjectIdentifier":"","IsDeleted":false,"IsACLProtected":false,"ContainedBy":null},{"Properties":{"domain":"FORESTDNSZONES.DARKCORP.HTB","name":"FORESTDNSZONES.DARKCORP.HTB","distinguishedname":"DC=FORESTDNSZONES,DC=DARKCORP,DC=HTB","domainsid":"","isaclprotected":false,"highvalue":false,"description":null,"whencreated":1735514988,"machineaccountquota":0,"expirepasswordsonsmartcardonlyaccounts":false,"minpwdlength":0,"pwdproperties":0,"pwdhistorylength":0,"lockoutthreshold":0,"minpwdage":"","maxpwdage":"","lockoutduration":"","lockoutobservationwindow":0,"functionallevel":"","collected":false},"GPOChanges":{"LocalAdmins":[],"RemoteDesktopUsers":[],"DcomUsers":[],"PSRemoteUsers":[],"AffectedComputers":[]},"ChildObjects":[],"Trusts":[],"Links":[],"Aces":[{"PrincipalSID":"DARKCORP.HTB-S-1-5-18","PrincipalType":"Group","RightName":"Owns","IsInherited":false,"InheritanceHash":""},{"PrincipalSID":"S-1-5-21-3432610366-2163336488-3604236847-498","PrincipalType":"Group","RightName":"GetChanges","IsInherited":false,"InheritanceHash":""},{"PrincipalSID":"DARKCORP.HTB-S-1-5-32-544","PrincipalType":"Group","RightName":"GetChangesInFilteredSet","IsInherited":false,"InheritanceHash":""},{"PrincipalSID":"DARKCORP.HTB-S-1-5-32-544","PrincipalType":"Group","RightName":"GetChanges","IsInherited":false,"InheritanceHash":""},{"PrincipalSID":"DARKCORP.HTB-S-1-5-32-544","PrincipalType":"Group","RightName":"GetChangesAll","IsInherited":false,"InheritanceHash":""},{"PrincipalSID":"DARKCORP.HTB-S-1-5-9","PrincipalType":"Group","RightName":"GetChangesInFilteredSet","IsInherited":false,"InheritanceHash":""},{"PrincipalSID":"DARKCORP.HTB-S-1-5-9","PrincipalType":"Group","RightName":"GetChanges","IsInherited":false,"InheritanceHash":""},{"PrincipalSID":"DARKCORP.HTB-S-1-5-9","PrincipalType":"Group","RightName":"GetChangesAll","IsInherited":false,"InheritanceHash":""},{"PrincipalSID":"S-1-5-21-3432610366-2163336488-3604236847-512","PrincipalType":"Group","RightName":"GenericWrite","IsInherited":false,"InheritanceHash":""},{"PrincipalSID":"S-1-5-21-3432610366-2163336488-3604236847-512","PrincipalType":"Group","RightName":"WriteOwner","IsInherited":false,"InheritanceHash":""},{"PrincipalSID":"S-1-5-21-3432610366-2163336488-3604236847-512","PrincipalType":"Group","RightName":"AllExtendedRights","IsInherited":false,"InheritanceHash":""},{"PrincipalSID":"S-1-5-21-3432610366-2163336488-3604236847-512","PrincipalType":"Group","RightName":"WriteDacl","IsInherited":false,"InheritanceHash":""},{"PrincipalSID":"S-1-5-21-3432610366-2163336488-3604236847-519","PrincipalType":"Group","RightName":"GenericAll","IsInherited":false,"InheritanceHash":""},{"PrincipalSID":"DARKCORP.HTB-S-1-5-32-544","PrincipalType":"Group","RightName":"GenericWrite","IsInherited":false,"InheritanceHash":""},{"PrincipalSID":"DARKCORP.HTB-S-1-5-32-544","PrincipalType":"Group","RightName":"WriteOwner","IsInherited":false,"InheritanceHash":""},{"PrincipalSID":"DARKCORP.HTB-S-1-5-32-544","PrincipalType":"Group","RightName":"AllExtendedRights","IsInherited":false,"InheritanceHash":""},{"PrincipalSID":"DARKCORP.HTB-S-1-5-32-544","PrincipalType":"Group","RightName":"WriteDacl","IsInherited":false,"InheritanceHash":""}],"ObjectIdentifier":"","IsDeleted":false,"IsACLProtected":false,"ContainedBy":null}],"meta":{"methods":0,"type":"domains","count":3,"version":6,"collectorversion":"RustHound-CE v2.4.0"}}