{"data":[{"Properties":{"domain":"DARKCORP.HTB","name":"NTAUTHCERTIFICATES@DARKCORP.HTB","distinguishedname":"CN=NTAUTHCERTIFICATES,CN=PUBLIC KEY SERVICES,CN=SERVICES,CN=CONFIGURATION,DC=DARKCORP,DC=HTB","domainsid":"S-1-5-21-3432610366-2163336488-3604236847","isaclprotected":false,"certthumbprints":["975C77E2BA2710E81B8FCF1FE9907566979FE40D"],"description":null,"whencreated":1735515251},"DomainSID":"S-1-5-21-3432610366-2163336488-3604236847","Aces":[{"PrincipalSID":"S-1-5-21-3432610366-2163336488-3604236847-519","PrincipalType":"Group","RightName":"Owns","IsInherited":false,"InheritanceHash":""},{"PrincipalSID":"S-1-5-21-3432610366-2163336488-3604236847-512","PrincipalType":"Group","RightName":"GenericAll","IsInherited":false,"InheritanceHash":""},{"PrincipalSID":"S-1-5-21-3432610366-2163336488-3604236847-519","PrincipalType":"Group","RightName":"GenericAll","IsInherited":false,"InheritanceHash":""},{"PrincipalSID":"DARKCORP.HTB-S-1-5-32-544","PrincipalType":"Group","RightName":"GenericAll","IsInherited":false,"InheritanceHash":""},{"PrincipalSID":"S-1-5-21-3432610366-2163336488-3604236847-519","PrincipalType":"Group","RightName":"GenericAll","IsInherited":true,"InheritanceHash":""},{"PrincipalSID":"S-1-5-21-3432610366-2163336488-3604236847-512","PrincipalType":"Group","RightName":"GenericWrite","IsInherited":true,"InheritanceHash":""},{"PrincipalSID":"S-1-5-21-3432610366-2163336488-3604236847-512","PrincipalType":"Group","RightName":"WriteOwner","IsInherited":true,"InheritanceHash":""},{"PrincipalSID":"S-1-5-21-3432610366-2163336488-3604236847-512","PrincipalType":"Group","RightName":"WriteDacl","IsInherited":true,"InheritanceHash":""}],"ObjectIdentifier":"D9EE24B7-8CE9-40F2-8A88-EB6B8B0746A6","IsDeleted":false,"IsACLProtected":false,"ContainedBy":{"ObjectIdentifier":"DAF9E95D-71D0-41EB-A54E-228EFD24688E","ObjectType":"Container"}}],"meta":{"methods":0,"type":"ntauthstores","count":1,"version":6,"collectorversion":"RustHound-CE v2.4.0"}}