{"data":[{"Properties":{"domain":"DARKCORP.HTB","name":"DC-01.DARKCORP.HTB","distinguishedname":"CN=DC-01,OU=DOMAIN CONTROLLERS,DC=DARKCORP,DC=HTB","domainsid":"S-1-5-21-3432610366-2163336488-3604236847","isaclprotected":false,"highvalue":false,"samaccountname":"DC-01$","haslaps":false,"description":null,"whencreated":1735514945,"enabled":true,"unconstraineddelegation":true,"trustedtoauth":false,"lastlogon":1761271347,"lastlogontimestamp":1761242582,"pwdlastset":1738337924,"passwordnotreqd":false,"pwdneverexpires":false,"serviceprincipalnames":["Hyper-V Replica Service/DC-01","Hyper-V Replica Service/DC-01.darkcorp.htb","Microsoft Virtual System Migration Service/DC-01","Microsoft Virtual System Migration Service/DC-01.darkcorp.htb","Microsoft Virtual Console Service/DC-01","Microsoft Virtual Console Service/DC-01.darkcorp.htb","Dfsr-12F9A27C-BF97-4787-9364-D31B6C55EB04/DC-01.darkcorp.htb","ldap/DC-01.darkcorp.htb/ForestDnsZones.darkcorp.htb","ldap/DC-01.darkcorp.htb/DomainDnsZones.darkcorp.htb","DNS/DC-01.darkcorp.htb","GC/DC-01.darkcorp.htb/darkcorp.htb","RestrictedKrbHost/DC-01.darkcorp.htb","RestrictedKrbHost/DC-01","RPC/fc1e4b69-cbff-44dd-a514-684019116df8._msdcs.darkcorp.htb","HOST/DC-01/darkcorp","HOST/DC-01.darkcorp.htb/darkcorp","HOST/DC-01","HOST/DC-01.darkcorp.htb","HOST/DC-01.darkcorp.htb/darkcorp.htb","E3514235-4B06-11D1-AB04-00C04FC2DCD2/fc1e4b69-cbff-44dd-a514-684019116df8/darkcorp.htb","ldap/DC-01/darkcorp","ldap/fc1e4b69-cbff-44dd-a514-684019116df8._msdcs.darkcorp.htb","ldap/DC-01.darkcorp.htb/darkcorp","ldap/DC-01","ldap/DC-01.darkcorp.htb","ldap/DC-01.darkcorp.htb/darkcorp.htb"],"operatingsystem":"Windows Server 2022 Standard","sidhistory":[],"supportedencryptiontypes":["RC4-HMAC-MD5","AES128-CTS-HMAC-SHA1-96","AES256-CTS-HMAC-SHA1-96"]},"Aces":[{"PrincipalSID":"S-1-5-21-3432610366-2163336488-3604236847-512","PrincipalType":"Group","RightName":"Owns","IsInherited":false,"InheritanceHash":""},{"PrincipalSID":"S-1-5-21-3432610366-2163336488-3604236847-512","PrincipalType":"Group","RightName":"AllExtendedRights","IsInherited":false,"InheritanceHash":""},{"PrincipalSID":"S-1-5-21-3432610366-2163336488-3604236847-512","PrincipalType":"Group","RightName":"GenericAll","IsInherited":false,"InheritanceHash":""},{"PrincipalSID":"S-1-5-21-3432610366-2163336488-3604236847-526","PrincipalType":"Group","RightName":"AddKeyCredentialLink","IsInherited":true,"InheritanceHash":""},{"PrincipalSID":"S-1-5-21-3432610366-2163336488-3604236847-527","PrincipalType":"Group","RightName":"AddKeyCredentialLink","IsInherited":true,"InheritanceHash":""},{"PrincipalSID":"S-1-5-21-3432610366-2163336488-3604236847-519","PrincipalType":"Group","RightName":"GenericAll","IsInherited":true,"InheritanceHash":""},{"PrincipalSID":"DARKCORP.HTB-S-1-5-32-544","PrincipalType":"Group","RightName":"GenericWrite","IsInherited":true,"InheritanceHash":""},{"PrincipalSID":"DARKCORP.HTB-S-1-5-32-544","PrincipalType":"Group","RightName":"WriteOwner","IsInherited":true,"InheritanceHash":""},{"PrincipalSID":"DARKCORP.HTB-S-1-5-32-544","PrincipalType":"Group","RightName":"AllExtendedRights","IsInherited":true,"InheritanceHash":""},{"PrincipalSID":"DARKCORP.HTB-S-1-5-32-544","PrincipalType":"Group","RightName":"WriteDacl","IsInherited":true,"InheritanceHash":""}],"ObjectIdentifier":"S-1-5-21-3432610366-2163336488-3604236847-1000","IsDeleted":false,"IsACLProtected":false,"ContainedBy":{"ObjectIdentifier":"5646C66C-7A0C-4D56-8B42-6756B10D1623","ObjectType":"OU"},"PrimaryGroupSID":"S-1-5-21-3432610366-2163336488-3604236847-516","AllowedToDelegate":[],"AllowedToAct":[],"HasSIDHistory":[],"DumpSMSAPassword":[],"Sessions":{"Results":[],"Collected":true,"FailureReason":null},"PrivilegedSessions":{"Results":[],"Collected":true,"FailureReason":null},"RegistrySessions":{"Results":[],"Collected":true,"FailureReason":null},"LocalGroups":[],"UserRights":[],"DCRegistryData":{"CertificateMappingMethods":null,"StrongCertificateBindingEnforcement":null},"IsDC":true,"UnconstrainedDelegation":true,"DomainSID":"S-1-5-21-3432610366-2163336488-3604236847","Status":null},{"Properties":{"domain":"DARKCORP.HTB","name":"DRIP.DARKCORP.HTB","distinguishedname":"CN=DRIP,CN=COMPUTERS,DC=DARKCORP,DC=HTB","domainsid":"S-1-5-21-3432610366-2163336488-3604236847","isaclprotected":false,"highvalue":false,"samaccountname":"DRIP$","haslaps":false,"description":null,"whencreated":1735558581,"enabled":true,"unconstraineddelegation":false,"trustedtoauth":false,"lastlogon":1761271561,"lastlogontimestamp":1761242606,"pwdlastset":1761243611,"passwordnotreqd":false,"pwdneverexpires":true,"serviceprincipalnames":["RestrictedKrbHost/drip.darkcorp.htb","RestrictedKrbHost/DRIP","host/drip.darkcorp.htb","host/DRIP"],"operatingsystem":"pc-linux-gnu","sidhistory":[],"supportedencryptiontypes":["RC4-HMAC-MD5","AES128-CTS-HMAC-SHA1-96","AES256-CTS-HMAC-SHA1-96"]},"Aces":[{"PrincipalSID":"S-1-5-21-3432610366-2163336488-3604236847-512","PrincipalType":"Group","RightName":"Owns","IsInherited":false,"InheritanceHash":""},{"PrincipalSID":"S-1-5-21-3432610366-2163336488-3604236847-512","PrincipalType":"Group","RightName":"AllExtendedRights","IsInherited":false,"InheritanceHash":""},{"PrincipalSID":"S-1-5-21-3432610366-2163336488-3604236847-512","PrincipalType":"Group","RightName":"GenericAll","IsInherited":false,"InheritanceHash":""},{"PrincipalSID":"DARKCORP.HTB-S-1-5-32-548","PrincipalType":"Group","RightName":"GenericAll","IsInherited":false,"InheritanceHash":""},{"PrincipalSID":"S-1-5-21-3432610366-2163336488-3604236847-526","PrincipalType":"Group","RightName":"AddKeyCredentialLink","IsInherited":true,"InheritanceHash":""},{"PrincipalSID":"S-1-5-21-3432610366-2163336488-3604236847-527","PrincipalType":"Group","RightName":"AddKeyCredentialLink","IsInherited":true,"InheritanceHash":""},{"PrincipalSID":"S-1-5-21-3432610366-2163336488-3604236847-519","PrincipalType":"Group","RightName":"GenericAll","IsInherited":true,"InheritanceHash":""},{"PrincipalSID":"DARKCORP.HTB-S-1-5-32-544","PrincipalType":"Group","RightName":"GenericWrite","IsInherited":true,"InheritanceHash":""},{"PrincipalSID":"DARKCORP.HTB-S-1-5-32-544","PrincipalType":"Group","RightName":"WriteOwner","IsInherited":true,"InheritanceHash":""},{"PrincipalSID":"DARKCORP.HTB-S-1-5-32-544","PrincipalType":"Group","RightName":"AllExtendedRights","IsInherited":true,"InheritanceHash":""},{"PrincipalSID":"DARKCORP.HTB-S-1-5-32-544","PrincipalType":"Group","RightName":"WriteDacl","IsInherited":true,"InheritanceHash":""}],"ObjectIdentifier":"S-1-5-21-3432610366-2163336488-3604236847-1601","IsDeleted":false,"IsACLProtected":false,"ContainedBy":{"ObjectIdentifier":"F13A0F41-3947-446F-B784-B38121E536A2","ObjectType":"Container"},"PrimaryGroupSID":"S-1-5-21-3432610366-2163336488-3604236847-515","AllowedToDelegate":[],"AllowedToAct":[],"HasSIDHistory":[],"DumpSMSAPassword":[],"Sessions":{"Results":[],"Collected":true,"FailureReason":null},"PrivilegedSessions":{"Results":[],"Collected":true,"FailureReason":null},"RegistrySessions":{"Results":[],"Collected":true,"FailureReason":null},"LocalGroups":[],"UserRights":[],"DCRegistryData":{"CertificateMappingMethods":null,"StrongCertificateBindingEnforcement":null},"IsDC":false,"UnconstrainedDelegation":false,"DomainSID":"S-1-5-21-3432610366-2163336488-3604236847","Status":null},{"Properties":{"domain":"DARKCORP.HTB","name":"WEB-01.DARKCORP.HTB","distinguishedname":"CN=WEB-01,CN=COMPUTERS,DC=DARKCORP,DC=HTB","domainsid":"S-1-5-21-3432610366-2163336488-3604236847","isaclprotected":false,"highvalue":false,"samaccountname":"WEB-01$","haslaps":false,"description":null,"whencreated":1737052826,"enabled":true,"unconstraineddelegation":false,"trustedtoauth":false,"lastlogon":1761271643,"lastlogontimestamp":1761242596,"pwdlastset":1737052826,"passwordnotreqd":false,"pwdneverexpires":false,"serviceprincipalnames":["TERMSRV/WEB-01","TERMSRV/WEB-01.darkcorp.htb","WSMAN/WEB-01","WSMAN/WEB-01.darkcorp.htb","RestrictedKrbHost/WEB-01","HOST/WEB-01","RestrictedKrbHost/WEB-01.darkcorp.htb","HOST/WEB-01.darkcorp.htb"],"operatingsystem":"Windows Server 2022 Datacenter","sidhistory":[],"supportedencryptiontypes":["RC4-HMAC-MD5","AES128-CTS-HMAC-SHA1-96","AES256-CTS-HMAC-SHA1-96"]},"Aces":[{"PrincipalSID":"S-1-5-21-3432610366-2163336488-3604236847-512","PrincipalType":"Group","RightName":"Owns","IsInherited":false,"InheritanceHash":""},{"PrincipalSID":"S-1-5-21-3432610366-2163336488-3604236847-512","PrincipalType":"Group","RightName":"AllExtendedRights","IsInherited":false,"InheritanceHash":""},{"PrincipalSID":"S-1-5-21-3432610366-2163336488-3604236847-512","PrincipalType":"Group","RightName":"GenericAll","IsInherited":false,"InheritanceHash":""},{"PrincipalSID":"DARKCORP.HTB-S-1-5-32-548","PrincipalType":"Group","RightName":"GenericAll","IsInherited":false,"InheritanceHash":""},{"PrincipalSID":"S-1-5-21-3432610366-2163336488-3604236847-526","PrincipalType":"Group","RightName":"AddKeyCredentialLink","IsInherited":true,"InheritanceHash":""},{"PrincipalSID":"S-1-5-21-3432610366-2163336488-3604236847-527","PrincipalType":"Group","RightName":"AddKeyCredentialLink","IsInherited":true,"InheritanceHash":""},{"PrincipalSID":"S-1-5-21-3432610366-2163336488-3604236847-519","PrincipalType":"Group","RightName":"GenericAll","IsInherited":true,"InheritanceHash":""},{"PrincipalSID":"DARKCORP.HTB-S-1-5-32-544","PrincipalType":"Group","RightName":"GenericWrite","IsInherited":true,"InheritanceHash":""},{"PrincipalSID":"DARKCORP.HTB-S-1-5-32-544","PrincipalType":"Group","RightName":"WriteOwner","IsInherited":true,"InheritanceHash":""},{"PrincipalSID":"DARKCORP.HTB-S-1-5-32-544","PrincipalType":"Group","RightName":"AllExtendedRights","IsInherited":true,"InheritanceHash":""},{"PrincipalSID":"DARKCORP.HTB-S-1-5-32-544","PrincipalType":"Group","RightName":"WriteDacl","IsInherited":true,"InheritanceHash":""}],"ObjectIdentifier":"S-1-5-21-3432610366-2163336488-3604236847-20601","IsDeleted":false,"IsACLProtected":false,"ContainedBy":{"ObjectIdentifier":"F13A0F41-3947-446F-B784-B38121E536A2","ObjectType":"Container"},"PrimaryGroupSID":"S-1-5-21-3432610366-2163336488-3604236847-515","AllowedToDelegate":[],"AllowedToAct":[],"HasSIDHistory":[],"DumpSMSAPassword":[],"Sessions":{"Results":[],"Collected":true,"FailureReason":null},"PrivilegedSessions":{"Results":[],"Collected":true,"FailureReason":null},"RegistrySessions":{"Results":[],"Collected":true,"FailureReason":null},"LocalGroups":[],"UserRights":[],"DCRegistryData":{"CertificateMappingMethods":null,"StrongCertificateBindingEnforcement":null},"IsDC":false,"UnconstrainedDelegation":false,"DomainSID":"S-1-5-21-3432610366-2163336488-3604236847","Status":null}],"meta":{"methods":0,"type":"computers","count":3,"version":6,"collectorversion":"RustHound-CE v2.4.0"}}