{"data":[{"Properties":{"domain":"DARKCORP.HTB","name":"DARKCORP-DC-01-CA@DARKCORP.HTB","distinguishedname":"CN=DARKCORP-DC-01-CA,CN=CERTIFICATION AUTHORITIES,CN=PUBLIC KEY SERVICES,CN=SERVICES,CN=CONFIGURATION,DC=DARKCORP,DC=HTB","domainsid":"S-1-5-21-3432610366-2163336488-3604236847","isaclprotected":false,"description":null,"whencreated":1735515251,"certthumbprint":"975C77E2BA2710E81B8FCF1FE9907566979FE40D","certname":"975C77E2BA2710E81B8FCF1FE9907566979FE40D","certchain":["975C77E2BA2710E81B8FCF1FE9907566979FE40D"],"hasbasicconstraints":false,"basicconstraintpathlength":0},"DomainSID":"S-1-5-21-3432610366-2163336488-3604236847","Aces":[{"PrincipalSID":"S-1-5-21-3432610366-2163336488-3604236847-519","PrincipalType":"Group","RightName":"Owns","IsInherited":false,"InheritanceHash":""},{"PrincipalSID":"S-1-5-21-3432610366-2163336488-3604236847-512","PrincipalType":"Group","RightName":"GenericAll","IsInherited":false,"InheritanceHash":""},{"PrincipalSID":"S-1-5-21-3432610366-2163336488-3604236847-517","PrincipalType":"Group","RightName":"GenericAll","IsInherited":false,"InheritanceHash":""},{"PrincipalSID":"S-1-5-21-3432610366-2163336488-3604236847-519","PrincipalType":"Group","RightName":"GenericAll","IsInherited":false,"InheritanceHash":""},{"PrincipalSID":"DARKCORP.HTB-S-1-5-32-544","PrincipalType":"Group","RightName":"GenericAll","IsInherited":false,"InheritanceHash":""},{"PrincipalSID":"S-1-5-21-3432610366-2163336488-3604236847-519","PrincipalType":"Group","RightName":"GenericAll","IsInherited":true,"InheritanceHash":""},{"PrincipalSID":"S-1-5-21-3432610366-2163336488-3604236847-512","PrincipalType":"Group","RightName":"GenericWrite","IsInherited":true,"InheritanceHash":""},{"PrincipalSID":"S-1-5-21-3432610366-2163336488-3604236847-512","PrincipalType":"Group","RightName":"WriteOwner","IsInherited":true,"InheritanceHash":""},{"PrincipalSID":"S-1-5-21-3432610366-2163336488-3604236847-512","PrincipalType":"Group","RightName":"WriteDacl","IsInherited":true,"InheritanceHash":""},{"PrincipalSID":"S-1-5-21-3432610366-2163336488-3604236847-512","PrincipalType":"Group","RightName":"ManageCA","IsInherited":true,"InheritanceHash":""}],"ObjectIdentifier":"4D778BF2-8A3B-43F0-BF83-0FA73424CF1D","IsDeleted":false,"IsACLProtected":false,"ContainedBy":{"ObjectIdentifier":"E5F3FE4B-6105-4EF9-8FBF-BA725C5C891D","ObjectType":"Container"}}],"meta":{"methods":0,"type":"rootcas","count":1,"version":6,"collectorversion":"RustHound-CE v2.4.0"}}