{"data":[{"Properties":{"domain":"DARKCORP.HTB","name":"DARKCORP-DC-01-CA@DARKCORP.HTB","distinguishedname":"CN=DARKCORP-DC-01-CA,CN=ENROLLMENT SERVICES,CN=PUBLIC KEY SERVICES,CN=SERVICES,CN=CONFIGURATION,DC=DARKCORP,DC=HTB","domainsid":"S-1-5-21-3432610366-2163336488-3604236847","isaclprotected":false,"description":null,"whencreated":1735515251,"flags":"","caname":"DARKCORP-DC-01-CA","dnshostname":"DC-01.darkcorp.htb","certthumbprint":"975C77E2BA2710E81B8FCF1FE9907566979FE40D","certname":"975C77E2BA2710E81B8FCF1FE9907566979FE40D","certchain":["975C77E2BA2710E81B8FCF1FE9907566979FE40D"],"hasbasicconstraints":false,"basicconstraintpathlength":0,"unresolvedpublishedtemplates":[],"casecuritycollected":true,"enrollmentagentrestrictionscollected":false,"isuserspecifiessanenabledcollected":false,"roleseparationenabledcollected":false},"HostingComputer":"S-1-5-21-3432610366-2163336488-3604236847-1000","CARegistryData":{"CASecurity":{"Data":[{"PrincipalSID":"S-1-5-21-3432610366-2163336488-3604236847-1000-544","PrincipalType":"LocalGroup","RightName":"Owns","IsInherited":false,"InheritanceHash":""},{"PrincipalSID":"DARKCORP.HTB-S-1-5-11","PrincipalType":"","RightName":"Enroll","IsInherited":false,"InheritanceHash":""},{"PrincipalSID":"S-1-5-21-3432610366-2163336488-3604236847-519","PrincipalType":"Group","RightName":"ManageCertificates","IsInherited":false,"InheritanceHash":""},{"PrincipalSID":"S-1-5-21-3432610366-2163336488-3604236847-519","PrincipalType":"Group","RightName":"ManageCA","IsInherited":false,"InheritanceHash":""},{"PrincipalSID":"S-1-5-21-3432610366-2163336488-3604236847-1000-544","PrincipalType":"LocalGroup","RightName":"ManageCertificates","IsInherited":false,"InheritanceHash":""},{"PrincipalSID":"S-1-5-21-3432610366-2163336488-3604236847-1000-544","PrincipalType":"LocalGroup","RightName":"ManageCA","IsInherited":false,"InheritanceHash":""},{"PrincipalSID":"S-1-5-21-3432610366-2163336488-3604236847-519","PrincipalType":"Group","RightName":"ManageCertificates","IsInherited":false,"InheritanceHash":""},{"PrincipalSID":"S-1-5-21-3432610366-2163336488-3604236847-519","PrincipalType":"Group","RightName":"ManageCA","IsInherited":false,"InheritanceHash":""},{"PrincipalSID":"S-1-5-21-3432610366-2163336488-3604236847-512","PrincipalType":"Group","RightName":"ManageCA","IsInherited":false,"InheritanceHash":""}],"Collected":true,"FailureReason":null},"EnrollmentAgentRestrictions":{"Restrictions":[],"Collected":true,"FailureReason":null},"IsUserSpecifiesSanEnabled":{"Value":false,"Collected":true,"FailureReason":null},"RoleSeparationEnabled":{"Value":false,"Collected":true,"FailureReason":null}},"EnabledCertTemplates":[{"ObjectIdentifier":"4B642B39-2501-4558-8E99-6050E7D9CE06","ObjectType":"CertTemplate"},{"ObjectIdentifier":"3E6F28AE-029D-4F7C-8300-3456DBF95BE9","ObjectType":"CertTemplate"},{"ObjectIdentifier":"EFD97277-889C-46CE-B03C-5B90A9C1C347","ObjectType":"CertTemplate"},{"ObjectIdentifier":"B55B41ED-D1BA-4E1B-81A1-E6B58DB57832","ObjectType":"CertTemplate"},{"ObjectIdentifier":"33D7299E-AD08-4A98-92D2-D5AB914DC70A","ObjectType":"CertTemplate"},{"ObjectIdentifier":"3E6F28AE-029D-4F7C-8300-3456DBF95BE9","ObjectType":"CertTemplate"},{"ObjectIdentifier":"E971709E-CE87-4E2C-8E04-02926611D56A","ObjectType":"CertTemplate"},{"ObjectIdentifier":"AE1BF031-F351-4F98-9420-F1F321453E7C","ObjectType":"CertTemplate"},{"ObjectIdentifier":"A114758C-15ED-4CA4-A6BF-B465029F05A9","ObjectType":"CertTemplate"},{"ObjectIdentifier":"98F8D93C-720E-4959-AB05-3DDA17AC0D7A","ObjectType":"CertTemplate"},{"ObjectIdentifier":"805C4654-187F-4683-9107-318CB698449A","ObjectType":"CertTemplate"}],"Aces":[{"PrincipalSID":"S-1-5-21-3432610366-2163336488-3604236847-519","PrincipalType":"Group","RightName":"Owns","IsInherited":false,"InheritanceHash":""},{"PrincipalSID":"DARKCORP.HTB-S-1-5-11","PrincipalType":"Group","RightName":"Enroll","IsInherited":false,"InheritanceHash":""},{"PrincipalSID":"S-1-5-21-3432610366-2163336488-3604236847-519","PrincipalType":"Group","RightName":"GenericWrite","IsInherited":false,"InheritanceHash":""},{"PrincipalSID":"S-1-5-21-3432610366-2163336488-3604236847-519","PrincipalType":"Group","RightName":"WriteOwner","IsInherited":false,"InheritanceHash":""},{"PrincipalSID":"S-1-5-21-3432610366-2163336488-3604236847-519","PrincipalType":"Group","RightName":"WriteDacl","IsInherited":false,"InheritanceHash":""},{"PrincipalSID":"S-1-5-21-3432610366-2163336488-3604236847-519","PrincipalType":"Group","RightName":"ManageCA","IsInherited":false,"InheritanceHash":""},{"PrincipalSID":"S-1-5-21-3432610366-2163336488-3604236847-519","PrincipalType":"Group","RightName":"ManageCertificates","IsInherited":false,"InheritanceHash":""},{"PrincipalSID":"S-1-5-21-3432610366-2163336488-3604236847-1000","PrincipalType":"Computer","RightName":"GenericWrite","IsInherited":false,"InheritanceHash":""},{"PrincipalSID":"S-1-5-21-3432610366-2163336488-3604236847-1000","PrincipalType":"Computer","RightName":"WriteOwner","IsInherited":false,"InheritanceHash":""},{"PrincipalSID":"S-1-5-21-3432610366-2163336488-3604236847-1000","PrincipalType":"Computer","RightName":"WriteDacl","IsInherited":false,"InheritanceHash":""},{"PrincipalSID":"S-1-5-21-3432610366-2163336488-3604236847-1000","PrincipalType":"Computer","RightName":"ManageCA","IsInherited":false,"InheritanceHash":""},{"PrincipalSID":"S-1-5-21-3432610366-2163336488-3604236847-1000","PrincipalType":"Computer","RightName":"ManageCertificates","IsInherited":false,"InheritanceHash":""},{"PrincipalSID":"S-1-5-21-3432610366-2163336488-3604236847-519","PrincipalType":"Group","RightName":"GenericAll","IsInherited":true,"InheritanceHash":""},{"PrincipalSID":"S-1-5-21-3432610366-2163336488-3604236847-512","PrincipalType":"Group","RightName":"GenericWrite","IsInherited":true,"InheritanceHash":""},{"PrincipalSID":"S-1-5-21-3432610366-2163336488-3604236847-512","PrincipalType":"Group","RightName":"WriteOwner","IsInherited":true,"InheritanceHash":""},{"PrincipalSID":"S-1-5-21-3432610366-2163336488-3604236847-512","PrincipalType":"Group","RightName":"WriteDacl","IsInherited":true,"InheritanceHash":""},{"PrincipalSID":"S-1-5-21-3432610366-2163336488-3604236847-512","PrincipalType":"Group","RightName":"ManageCA","IsInherited":true,"InheritanceHash":""}],"ObjectIdentifier":"1862D400-8600-489D-A07F-D1C38189F2D4","IsDeleted":false,"IsACLProtected":false,"ContainedBy":{"ObjectIdentifier":"7C6ED8FC-96D1-4D1C-ADA1-AA1E559559FE","ObjectType":"Container"}}],"meta":{"methods":0,"type":"enterprisecas","count":1,"version":6,"collectorversion":"RustHound-CE v2.4.0"}}